id,first_name,last_name,email,gender,ip_address,Salary
1,Averill,Arpe,aarpe0@list-manage.com,Genderfluid,227.164.233.84,$490.31
2,Antonin,Iwanowicz,aiwanowicz1@illinois.edu,Male,187.16.161.47,$143.27
3,Sandie,Northall,snorthall2@google.de,Female,24.111.254.180,$202.35
4,Mavra,Bahike,mbahike3@mac.com,Female,12.148.88.138,$913.29
5,Sheilakathryn,Stanion,sstanion4@sfgate.com,Female,194.244.191.174,$999.27
6,Eachelle,Daw,edaw5@si.edu,Female,126.164.65.104,$219.87
7,Rickey,Chalcraft,rchalcraft6@cnet.com,Male,39.209.109.175,$550.61
8,Nady,Lorrain,nlorrain7@nbcnews.com,Female,163.180.221.173,$693.94
9,Arturo,Lauder,alauder8@google.fr,Male,30.199.60.141,$291.41
10,Wake,Macknish,wmacknish9@instagram.com,Male,128.175.124.14,$484.18
11,Raimundo,Aulsford,raulsforda@google.fr,Male,130.51.38.129,$887.85
12,Padraig,Touson,ptousonb@fc2.com,Male,181.13.132.11,$334.51
13,Franklin,Chinnick,fchinnickc@ftc.gov,Male,232.3.23.161,$91.59
14,Rafi,Finlay,rfinlayd@slashdot.org,Male,37.248.58.219,$868.46
15,Swen,Crambie,scrambiee@google.pl,Male,253.168.93.42,$795.14
16,Kin,Astlatt,kastlattf@psu.edu,Male,202.62.130.59,$429.26
17,Bordie,Dombrell,bdombrellg@amazon.com,Male,42.249.87.69,$759.72
18,Alisha,Greenland,agreenlandh@dmoz.org,Female,133.36.152.188,$347.01
19,Rudolph,Fomichyov,rfomichyovi@delicious.com,Male,109.106.138.53,$345.00
20,Yorker,Dassindale,ydassindalej@naver.com,Male,57.204.230.50,$931.97
21,Dominique,Phlippi,dphlippik@upenn.edu,Male,13.194.66.194,$770.54
22,Bibby,Dummett,bdummettl@wp.com,Female,105.160.75.119,$522.05
23,Corissa,Bagnell,cbagnellm@bbb.org,Non-binary,9.93.53.124,$356.77
24,Ripley,Hablot,rhablotn@indiegogo.com,Male,226.46.157.196,$864.62
25,Silvano,Rosenfelt,srosenfelto@comsenz.com,Male,94.198.205.186,$573.32
26,Ashil,Penhaligon,apenhaligonp@google.it,Female,115.169.120.16,$286.30
27,Sheree,Poynton,spoyntonq@bbb.org,Female,22.223.199.144,$746.36
28,Jermayne,Probert,jprobertr@bing.com,Male,205.235.181.108,$15.73
29,Gauthier,Brideau,gbrideaus@miitbeian.gov.cn,Male,80.32.89.129,$488.17
30,Tan,Houten,thoutent@freewebs.com,Non-binary,205.106.17.56,$45.01
31,Tamar,Mence,tmenceu@vk.com,Female,130.56.29.246,$0.97
32,Waylan,McCloughen,wmccloughenv@linkedin.com,Male,196.200.43.75,$514.83
33,Gino,Drinkeld,gdrinkeldw@weather.com,Male,46.7.98.9,$920.35
34,Petunia,Shuttle,pshuttlex@php.net,Female,80.92.234.114,$74.25
35,Jill,Hogbourne,jhogbourney@reference.com,Female,97.63.28.224,$401.87
36,Damaris,Stiell,dstiellz@ask.com,Female,22.252.128.142,$99.63
37,Vonnie,Whitticks,vwhitticks10@soundcloud.com,Female,24.107.178.34,$71.46
38,Artair,Jemmett,ajemmett11@upenn.edu,Male,31.73.237.108,$578.06
39,Lori,Sims,lsims12@tmall.com,Female,103.199.120.220,$438.89
40,Smith,MacGoun,smacgoun13@fastcompany.com,Male,16.60.195.13,$925.69
41,Briny,Girsch,bgirsch14@themeforest.net,Female,108.221.238.237,$944.64
42,Paulette,Blue,pblue15@thetimes.co.uk,Female,129.32.82.55,$938.92
43,Christie,Seifert,cseifert16@shop-pro.jp,Female,47.53.107.200,$189.51
44,Page,Broderick,pbroderick17@jimdo.com,Male,133.126.85.66,$974.45
45,Noll,Hatherall,nhatherall18@blogtalkradio.com,Male,158.211.5.73,$197.78
46,Humphrey,Swadlen,hswadlen19@aol.com,Male,246.141.222.119,$853.81
47,Mahmud,Curtis,mcurtis1a@abc.net.au,Male,226.175.240.116,$273.38
48,Allister,Franckton,afranckton1b@tinyurl.com,Male,52.219.160.142,$928.88
49,Jan,Fairfoull,jfairfoull1c@redcross.org,Male,71.41.119.195,$45.43
50,Dolf,Brader,dbrader1d@marketwatch.com,Male,41.130.124.103,$580.58
51,Johnnie,Dewdeny,jdewdeny1e@sohu.com,Genderqueer,85.46.109.35,$249.35
52,Christin,Form,cform1f@unblog.fr,Female,44.207.232.165,$767.90
53,Janine,Gerdes,jgerdes1g@drupal.org,Female,180.21.32.135,$469.88
54,Jarrod,Derby,jderby1h@wordpress.com,Male,160.87.204.98,$353.86
55,Marcella,Burnage,mburnage1i@sohu.com,Female,195.189.90.98,$37.56
56,Minne,Sherston,msherston1j@jimdo.com,Female,91.71.38.202,$342.90
57,Marinna,Michallat,mmichallat1k@cmu.edu,Polygender,81.39.111.198,$433.89
58,Anthia,Kevane,akevane1l@wp.com,Female,185.115.149.81,$572.48
59,Alix,Mishaw,amishaw1m@e-recht24.de,Bigender,253.16.100.106,$668.07
60,Cathryn,Bech,cbech1n@paypal.com,Female,117.98.85.155,$613.69
61,Ninnetta,McNally,nmcnally1o@bravesites.com,Female,241.87.229.76,$606.41
62,Arman,Jervois,ajervois1p@illinois.edu,Male,133.208.187.35,$972.29
63,Roderigo,Blaxill,rblaxill1q@theguardian.com,Male,156.35.197.16,$461.76
64,Hobart,McSperrin,hmcsperrin1r@cdbaby.com,Male,61.184.110.163,$421.07
65,Ingram,Pering,ipering1s@simplemachines.org,Male,8.228.167.142,$700.81
66,Prudi,Valdes,pvaldes1t@opera.com,Female,51.209.188.26,$690.59
67,Fonzie,Cantor,fcantor1u@istockphoto.com,Male,113.123.81.101,$206.38
68,Brenden,Taggart,btaggart1v@chicagotribune.com,Male,141.106.146.206,$551.87
69,Arty,Royste,aroyste1w@weather.com,Male,166.184.197.138,$433.85
70,Bogey,Billo,bbillo1x@unc.edu,Male,18.48.125.150,$837.72
71,Malachi,Spurier,mspurier1y@cnbc.com,Male,113.103.90.74,$102.49
72,Misha,Pill,mpill1z@lulu.com,Female,148.73.9.89,$289.42
73,Amalee,Local,alocal20@japanpost.jp,Female,62.13.218.132,$784.69
74,Kass,Hritzko,khritzko21@ftc.gov,Female,252.128.56.119,$768.32
75,Reuven,Barge,rbarge22@ox.ac.uk,Male,241.205.154.249,$894.48
76,Baird,Dureden,bdureden23@oracle.com,Male,188.84.143.140,$0.43
77,Saunder,Axup,saxup24@earthlink.net,Male,73.118.125.84,$298.34
78,Linette,Toderini,ltoderini25@smugmug.com,Female,34.135.216.166,$212.21
79,Blake,Thorley,bthorley26@nbcnews.com,Male,143.246.119.59,$70.34
80,Conway,Seivertsen,cseivertsen27@vk.com,Male,169.72.124.152,$261.43
81,Trey,Solloway,tsolloway28@cafepress.com,Male,6.104.232.71,$914.06
82,Piper,Geard,pgeard29@typepad.com,Female,136.33.113.100,$334.80
83,Dallon,Brennen,dbrennen2a@tinypic.com,Male,47.58.24.215,$704.87
84,Bing,Fraser,bfraser2b@weibo.com,Male,161.203.131.99,$17.31
85,Robbert,Brownett,rbrownett2c@wikipedia.org,Male,68.29.113.91,$479.15
86,Lukas,Hatherill,lhatherill2d@virginia.edu,Male,48.49.160.212,$961.40
87,Loydie,Gebbie,lgebbie2e@businesswire.com,Male,131.81.110.72,$985.61
88,Oby,Fumagallo,ofumagallo2f@trellian.com,Male,212.244.70.178,$429.94
89,Abbott,Rizzotto,arizzotto2g@webmd.com,Male,61.125.11.115,$269.15
90,Balduin,Crunkhurn,bcrunkhurn2h@theatlantic.com,Male,9.91.192.140,$538.93
91,Karon,Gilhool,kgilhool2i@oakley.com,Female,174.137.58.225,$6.05
92,Mariquilla,Sillito,msillito2j@unesco.org,Female,247.165.179.162,$755.77
93,Nelly,Copins,ncopins2k@deviantart.com,Female,105.72.71.224,$25.94
94,Estel,McAne,emcane2l@geocities.jp,Female,42.14.67.149,$845.52
95,Niall,Needham,nneedham2m@dion.ne.jp,Male,117.44.154.230,$565.32
96,Wilton,Pirozzi,wpirozzi2n@virginia.edu,Male,254.65.255.199,$967.48
97,Torrence,Crissil,tcrissil2o@zdnet.com,Male,195.239.176.136,$6.74
98,Davida,Keam,dkeam2p@mozilla.com,Female,15.26.21.87,$827.84
99,Giulia,Gregoratti,ggregoratti2q@geocities.jp,Female,156.66.124.2,$345.30
100,Vail,Bertolin,vbertolin2r@webeden.co.uk,Genderfluid,168.12.112.193,$118.41
101,Homerus,Proom,hproom2s@skyrock.com,Male,224.233.133.55,$89.52
102,Duffie,Gladdor,dgladdor2t@sakura.ne.jp,Male,217.14.61.204,$85.31
103,Jennette,Swansbury,jswansbury2u@joomla.org,Female,26.242.218.133,$126.07
104,Valentijn,Hayland,vhayland2v@clickbank.net,Male,203.43.102.1,$681.07
105,Laney,Hanselmann,lhanselmann2w@home.pl,Male,43.44.240.186,$109.24
106,Konrad,Polding,kpolding2x@wikimedia.org,Male,55.70.118.82,$886.59
107,Emile,Bettaney,ebettaney2y@amazon.co.uk,Male,118.14.115.17,$431.63
108,Chlo,Escritt,cescritt2z@sfgate.com,Female,188.169.66.118,$84.20
109,Bruce,Bleythin,bbleythin30@soup.io,Male,101.176.169.125,$516.09
110,Myles,Aleevy,maleevy31@stanford.edu,Male,202.31.171.170,$434.43
111,Jacquelyn,Bugler,jbugler32@wsj.com,Female,186.215.149.248,$301.00
112,Seana,Upcott,supcott33@dell.com,Female,18.73.225.194,$736.69
113,Katya,Hince,khince34@upenn.edu,Female,104.56.66.39,$935.75
114,Yves,Synnott,ysynnott35@bloglines.com,Agender,9.182.159.121,$985.66
115,Mischa,Bratchell,mbratchell36@51.la,Male,155.156.229.183,$298.29
116,Wesley,Gleave,wgleave37@oaic.gov.au,Male,202.102.51.246,$139.49
117,Emmie,Friedman,efriedman38@columbia.edu,Female,193.76.87.60,$951.10
118,Briggs,Pullan,bpullan39@simplemachines.org,Bigender,253.203.39.170,$685.09
119,Camille,Bythway,cbythway3a@newsvine.com,Non-binary,157.32.229.162,$797.89
120,Ettore,Lathwood,elathwood3b@yellowbook.com,Male,85.84.131.253,$487.66
121,Raul,Teanby,rteanby3c@acquirethisname.com,Male,57.161.60.163,$108.70
122,Claudina,Cassam,ccassam3d@google.it,Female,110.164.202.202,$518.36
123,Evelin,Clapperton,eclapperton3e@weebly.com,Male,15.82.53.189,$246.15
124,Donnell,Bain,dbain3f@wufoo.com,Male,121.231.98.29,$164.58
125,Hercule,Parsand,hparsand3g@wikispaces.com,Male,104.123.168.3,$105.35
126,Diarmid,Filasov,dfilasov3h@uol.com.br,Male,86.224.240.141,$363.43
127,Cori,Parkisson,cparkisson3i@amazon.co.jp,Female,100.149.183.40,$458.45
128,Gabbey,Friskey,gfriskey3j@infoseek.co.jp,Polygender,80.55.75.3,$950.60
129,Diena,Tolworth,dtolworth3k@alexa.com,Female,20.74.255.113,$706.37
130,Teirtza,Baudino,tbaudino3l@salon.com,Female,212.49.107.166,$576.93
131,Gaby,Curm,gcurm3m@imdb.com,Female,110.121.43.126,$131.94
132,Freddy,Manuelli,fmanuelli3n@shutterfly.com,Female,227.113.222.240,$557.87
133,Ibrahim,Fillary,ifillary3o@msn.com,Male,169.121.70.82,$232.86
134,Gauthier,Simoneau,gsimoneau3p@google.pl,Male,239.12.151.234,$846.64
135,Thomasine,Aylmore,taylmore3q@etsy.com,Female,221.6.240.207,$464.04
136,Etti,Bellefant,ebellefant3r@apple.com,Genderqueer,65.62.140.198,$425.79
137,Zaria,Renols,zrenols3s@google.co.uk,Female,5.152.36.143,$736.09
138,Elisabeth,Pridie,epridie3t@google.fr,Female,225.110.14.88,$898.74
139,Quintus,Vanichev,qvanichev3u@canalblog.com,Male,1.91.133.56,$678.82
140,Dinah,Banford,dbanford3v@youku.com,Female,74.9.105.168,$890.06
141,Jude,Swanson,jswanson3w@cdbaby.com,Male,250.216.23.57,$760.27
142,Elset,Baldi,ebaldi3x@studiopress.com,Female,125.229.11.165,$815.03
143,Ado,Teall,ateall3y@blog.com,Male,114.15.136.215,$412.19
144,Eimile,Hurren,ehurren3z@dedecms.com,Female,112.220.52.166,$750.42
145,Celestyn,Jess,cjess40@yellowpages.com,Female,241.246.102.38,$282.43
146,Conrado,Cathrall,ccathrall41@vistaprint.com,Non-binary,18.111.111.162,$316.84
147,Beckie,Methley,bmethley42@comsenz.com,Female,226.70.217.67,$406.37
148,Paulie,Markey,pmarkey43@disqus.com,Male,111.76.57.208,$649.34
149,Cornie,Feeham,cfeeham44@cdbaby.com,Female,151.145.112.151,$804.42
150,Jackie,Hourstan,jhourstan45@bloglovin.com,Genderfluid,251.247.55.70,$99.70
151,Dave,Huckell,dhuckell46@sbwire.com,Male,1.56.16.1,$237.68
152,Brooke,Lafflina,blafflina47@hao123.com,Male,226.189.15.112,$384.06
153,Aldrich,Meadowcraft,ameadowcraft48@gizmodo.com,Male,160.224.237.1,$589.57
154,Ferdy,Edds,fedds49@marriott.com,Male,174.71.107.8,$494.24
155,Linnie,Willimot,lwillimot4a@google.ru,Female,122.60.75.157,$651.98
156,Claudina,Caile,ccaile4b@bandcamp.com,Female,206.139.115.227,$738.73
157,Alford,Lathe,alathe4c@apache.org,Male,99.96.217.0,$643.19
158,Katey,Dinsell,kdinsell4d@reverbnation.com,Female,107.8.136.107,$774.08
159,Kelwin,Caustic,kcaustic4e@eventbrite.com,Male,84.152.32.247,$316.19
160,Selma,Kermit,skermit4f@multiply.com,Female,101.57.124.109,$27.39
161,Marilee,Doddemeede,mdoddemeede4g@chron.com,Female,97.110.10.131,$846.53
162,Aurilia,Sawdon,asawdon4h@wikipedia.org,Female,117.147.253.81,$755.91
163,Mirabella,Curtiss,mcurtiss4i@home.pl,Female,162.75.48.206,$820.93
164,Deane,Egle of Germany,degleofgermany4j@globo.com,Female,245.116.107.122,$788.62
165,Randal,Insley,rinsley4k@dropbox.com,Agender,35.188.167.223,$114.40
166,Arnie,Alebrooke,aalebrooke4l@mysql.com,Male,57.74.17.238,$971.40
167,Katlin,Innocenti,kinnocenti4m@myspace.com,Female,231.186.6.11,$449.47
168,Tedd,Vedmore,tvedmore4n@engadget.com,Male,61.37.101.243,$516.16
169,Clerkclaude,Collie,ccollie4o@ft.com,Male,21.4.254.203,$130.50
170,Dacie,Topes,dtopes4p@marketwatch.com,Female,160.6.197.43,$857.28
171,Claudetta,Stennett,cstennett4q@hugedomains.com,Female,208.182.139.217,$338.64
172,Bibbie,Neary,bneary4r@gizmodo.com,Female,41.242.236.76,$599.53
173,Nev,Vido,nvido4s@multiply.com,Male,74.59.139.251,$113.48
174,Wilek,Corrao,wcorrao4t@nasa.gov,Male,176.2.108.34,$450.60
175,Guthry,Bourdel,gbourdel4u@archive.org,Male,59.233.88.150,$297.36
176,Yorgo,Beldon,ybeldon4v@wikispaces.com,Male,57.254.183.56,$148.37
177,Brien,Moylane,bmoylane4w@prlog.org,Male,137.9.248.56,$340.96
178,Clarence,Fibbit,cfibbit4x@dailymotion.com,Male,126.87.3.157,$99.05
179,Allina,Heamus,aheamus4y@gov.uk,Non-binary,216.69.12.207,$483.09
180,Davy,Guynemer,dguynemer4z@bloglines.com,Male,55.23.225.203,$458.83
181,Natividad,Whotton,nwhotton50@posterous.com,Female,220.160.203.224,$6.06
182,Jorgan,Elsom,jelsom51@ox.ac.uk,Male,215.209.67.15,$782.12
183,Melinda,Frie,mfrie52@ihg.com,Female,207.184.83.213,$630.86
184,Nellie,Canacott,ncanacott53@ocn.ne.jp,Female,23.3.138.82,$866.96
185,Kandace,Thomke,kthomke54@upenn.edu,Female,51.200.190.162,$62.89
186,Phoebe,Golborne,pgolborne55@so-net.ne.jp,Non-binary,152.35.63.205,$752.93
187,Tamarah,Teacy,tteacy56@technorati.com,Agender,207.99.7.64,$84.38
188,Merrili,Carlozzi,mcarlozzi57@wired.com,Female,177.55.113.45,$57.22
189,Urbano,MacCoughen,umaccoughen58@ihg.com,Male,77.69.76.51,$349.17
190,Kerk,Ebbotts,kebbotts59@ucsd.edu,Male,70.25.228.150,$698.10
191,Sandy,Duer,sduer5a@baidu.com,Female,153.18.6.145,$676.79
192,Gaultiero,Hallstone,ghallstone5b@liveinternet.ru,Male,102.7.250.27,$567.25
193,Helenelizabeth,Chaffin,hchaffin5c@fotki.com,Female,201.231.10.170,$324.75
194,Claudine,O'Grogane,cogrogane5d@webs.com,Female,105.73.53.58,$890.00
195,Lynda,Ovid,lovid5e@webs.com,Female,178.77.114.8,$2.30
196,Patrica,Leglise,pleglise5f@tinyurl.com,Female,7.43.192.99,$791.54
197,Lyndsie,Conrad,lconrad5g@skyrock.com,Female,30.53.238.68,$399.73
198,Brenn,Portchmouth,bportchmouth5h@fotki.com,Female,152.99.214.147,$346.48
199,Dannie,Beche,dbeche5i@usnews.com,Male,216.52.201.217,$233.43
200,Corinna,Kornyshev,ckornyshev5j@comsenz.com,Female,171.88.108.203,$411.01
201,Cammy,Wisson,cwisson5k@shinystat.com,Female,4.184.98.74,$627.86
202,Tamar,Hamlett,thamlett5l@discuz.net,Female,199.250.191.239,$227.81
203,Morton,Barszczewski,mbarszczewski5m@histats.com,Male,20.7.103.84,$625.95
204,Madelyn,Donner,mdonner5n@army.mil,Female,149.101.4.175,$113.92
205,Yorgos,Beagles,ybeagles5o@google.it,Male,218.230.223.7,$863.77
206,Rebe,Isakovic,risakovic5p@cbsnews.com,Female,85.222.165.168,$432.37
207,Marlo,Pickrell,mpickrell5q@sciencedirect.com,Female,223.58.95.163,$835.36
208,Trace,Nutbrown,tnutbrown5r@friendfeed.com,Male,18.255.122.150,$399.73
209,Jeanne,Clymer,jclymer5s@virginia.edu,Female,235.127.242.65,$925.10
210,Pauletta,Beard,pbeard5t@hostgator.com,Female,174.123.125.89,$783.55
211,Dareen,Tyler,dtyler5u@histats.com,Female,59.95.213.169,$571.72
212,Helaine,Gowan,hgowan5v@lulu.com,Female,36.121.212.207,$851.53
213,Barrett,Bearward,bbearward5w@prlog.org,Male,1.99.77.219,$28.11
214,Lela,Laroux,llaroux5x@oaic.gov.au,Female,27.89.52.85,$813.16
215,Tine,Monument,tmonument5y@hhs.gov,Female,76.249.157.230,$923.65
216,Shanan,Pinner,spinner5z@discuz.net,Male,158.10.118.198,$185.77
217,Boony,Wiltshaw,bwiltshaw60@yale.edu,Male,85.113.12.179,$200.46
218,Simonette,Tarr,starr61@vinaora.com,Female,250.181.213.228,$327.51
219,Aimil,Braga,abraga62@jalbum.net,Female,133.247.168.104,$993.16
220,Gerik,Newis,gnewis63@skype.com,Male,90.187.121.244,$802.49
221,Channa,Crofthwaite,ccrofthwaite64@unblog.fr,Female,35.160.73.246,$732.91
222,Clerissa,Kettlestringes,ckettlestringes65@sogou.com,Non-binary,156.157.110.63,$29.66
223,Sutton,Castells,scastells66@fda.gov,Male,14.254.233.222,$302.95
224,Nester,Nendick,nnendick67@parallels.com,Male,231.137.210.216,$64.08
225,Maxie,Durden,mdurden68@wisc.edu,Male,23.121.137.94,$652.27
226,Nerita,Sutty,nsutty69@forbes.com,Female,176.206.118.102,$377.70
227,Dare,Dominichelli,ddominichelli6a@163.com,Male,121.35.120.185,$934.03
228,Boycie,Lower,blower6b@techcrunch.com,Male,57.82.99.25,$4.21
229,Golda,Garrold,ggarrold6c@businessweek.com,Female,217.207.190.5,$531.86
230,Giovanni,Showen,gshowen6d@instagram.com,Male,113.137.57.133,$841.82
231,Anabel,Cossentine,acossentine6e@wordpress.com,Female,224.75.80.209,$463.99
232,Norine,de Quincey,ndequincey6f@hibu.com,Female,139.28.65.120,$900.64
233,Alex,Franceschi,afranceschi6g@netscape.com,Female,222.253.110.94,$421.68
234,Ericka,Blackie,eblackie6h@cdbaby.com,Female,89.243.142.5,$894.53
235,Raimondo,Downham,rdownham6i@pcworld.com,Male,244.247.181.200,$116.89
236,Giacinta,Hurdwell,ghurdwell6j@posterous.com,Female,52.39.243.232,$283.56
237,Dode,Bondley,dbondley6k@wufoo.com,Female,166.1.128.191,$197.92
238,Arni,Saintsbury,asaintsbury6l@irs.gov,Male,143.137.195.63,$488.29
239,Gayel,Frew,gfrew6m@altervista.org,Female,52.229.95.42,$14.16
240,Sandye,Sheen,ssheen6n@bizjournals.com,Female,144.140.145.19,$65.33
241,Farlie,Dioniso,fdioniso6o@hexun.com,Male,207.251.74.205,$939.53
242,Giovanni,Wardhaw,gwardhaw6p@desdev.cn,Male,117.115.211.89,$365.95
243,Devin,Wildman,dwildman6q@wired.com,Bigender,118.16.142.153,$349.85
244,Bernice,Cuberley,bcuberley6r@yolasite.com,Female,122.171.12.166,$839.96
245,Chiarra,Dreghorn,cdreghorn6s@ucsd.edu,Female,20.88.204.90,$499.48
246,Carley,Kaas,ckaas6t@nationalgeographic.com,Female,132.48.216.187,$547.56
247,Madella,McInnes,mmcinnes6u@dailymotion.com,Female,105.147.212.230,$842.80
248,Jacklyn,Basterfield,jbasterfield6v@tmall.com,Bigender,198.128.32.83,$252.22
249,Lanny,Sherborn,lsherborn6w@rambler.ru,Male,250.248.230.163,$835.18
250,Paddy,Proger,pproger6x@yolasite.com,Male,248.15.112.244,$979.11
251,Brent,Meeks,bmeeks6y@wired.com,Male,184.194.202.81,$548.42
252,Miguelita,Dict,mdict6z@canalblog.com,Female,172.65.118.181,$686.83
253,Jayme,Peakman,jpeakman70@house.gov,Female,70.109.170.54,$882.45
254,Shandeigh,Downes,sdownes71@devhub.com,Female,160.70.71.172,$776.74
255,Sonny,Ivakhno,sivakhno72@bloglines.com,Male,115.197.134.84,$898.34
256,Wells,Neissen,wneissen73@businesswire.com,Male,134.29.17.41,$660.32
257,Fleur,Shrimpling,fshrimpling74@purevolume.com,Female,112.59.213.185,$539.07
258,Myrwyn,Woolf,mwoolf75@twitpic.com,Male,156.47.22.36,$619.59
259,Rachelle,Lippiatt,rlippiatt76@spiegel.de,Female,153.12.141.127,$889.68
260,Elvyn,Dorin,edorin77@netlog.com,Male,133.105.244.172,$775.00
261,Benoit,Petrosian,bpetrosian78@weather.com,Male,129.194.30.132,$620.51
262,Conway,Norvel,cnorvel79@ebay.com,Male,6.116.98.70,$451.66
263,Fraze,O'Callaghan,focallaghan7a@columbia.edu,Polygender,206.202.76.4,$690.81
264,Arman,Flaverty,aflaverty7b@eepurl.com,Male,65.253.41.44,$472.77
265,Donella,Wileman,dwileman7c@columbia.edu,Female,22.62.141.108,$819.17
266,Chlo,Yurkin,cyurkin7d@prlog.org,Female,78.240.138.21,$700.91
267,Carolynn,Winham,cwinham7e@cpanel.net,Female,224.160.141.39,$387.59
268,Sunshine,Elwell,selwell7f@cdbaby.com,Female,91.146.68.113,$160.46
269,Falkner,Newband,fnewband7g@indiegogo.com,Male,239.34.218.72,$446.00
270,Nicol,Maccaddie,nmaccaddie7h@tiny.cc,Male,119.218.13.211,$891.72
271,Jodi,Matthisson,jmatthisson7i@cargocollective.com,Male,151.152.136.173,$892.18
272,Sheena,Lacky,slacky7j@mit.edu,Genderqueer,19.103.148.98,$322.87
273,Collen,Elphinston,celphinston7k@smh.com.au,Female,45.11.166.111,$396.41
274,Jeramey,Trowsdale,jtrowsdale7l@mlb.com,Bigender,17.2.31.202,$474.97
275,Cathrin,Tethacot,ctethacot7m@opensource.org,Female,111.234.51.140,$122.49
276,Wendie,Armit,warmit7n@technorati.com,Female,18.184.194.49,$231.04
277,Bryan,Petticrew,bpetticrew7o@java.com,Male,221.175.97.96,$130.11
278,Mathilde,Taillard,mtaillard7p@biblegateway.com,Female,166.62.116.238,$849.76
279,Maddi,Richarson,mricharson7q@ifeng.com,Female,105.70.80.35,$139.12
280,Patty,Paler,ppaler7r@ovh.net,Female,226.104.181.239,$682.38
281,Anatola,Chavrin,achavrin7s@google.ru,Female,228.253.68.30,$223.89
282,Raviv,Rapson,rrapson7t@latimes.com,Male,31.248.98.64,$657.62
283,Sunshine,Shakespeare,sshakespeare7u@i2i.jp,Female,45.252.249.21,$476.40
284,Aidan,Britt,abritt7v@squarespace.com,Female,245.239.173.195,$585.74
285,Bradney,Beastall,bbeastall7w@hao123.com,Male,177.248.190.255,$806.98
286,Fleur,Nuzzti,fnuzzti7x@wisc.edu,Female,161.32.152.13,$413.62
287,Brandise,Sunter,bsunter7y@tiny.cc,Female,195.118.236.84,$343.29
288,Ephrem,Butterley,ebutterley7z@shareasale.com,Male,85.228.174.252,$176.09
289,Bronson,Luckings,bluckings80@prnewswire.com,Male,78.254.7.161,$7.14
290,Nedi,Artis,nartis81@com.com,Female,160.91.206.123,$667.93
291,Clint,Coote,ccoote82@fc2.com,Male,140.114.112.20,$318.25
292,Laurie,Trelevan,ltrelevan83@pagesperso-orange.fr,Male,110.58.23.31,$168.36
293,Morten,Sante,msante84@webeden.co.uk,Male,103.35.135.225,$246.96
294,Jay,Tissier,jtissier85@icq.com,Male,207.241.41.142,$733.88
295,Florida,Conaboy,fconaboy86@prnewswire.com,Female,166.179.226.17,$494.33
296,Lucina,Mattaus,lmattaus87@fastcompany.com,Female,142.101.119.115,$491.76
297,Katerina,Seatter,kseatter88@taobao.com,Female,90.173.37.46,$159.18
298,Staford,Gossipin,sgossipin89@squarespace.com,Male,154.148.83.119,$659.16
299,Amby,Crayden,acrayden8a@amazon.de,Male,110.47.56.170,$286.47
300,Donna,Bussell,dbussell8b@economist.com,Female,221.142.155.117,$987.77
301,Harris,Enderle,henderle8c@toplist.cz,Male,112.18.248.191,$72.35
302,Petra,Weafer,pweafer8d@google.com.br,Female,156.62.175.224,$960.35
303,Tamera,Allsobrook,tallsobrook8e@accuweather.com,Genderfluid,241.105.232.105,$939.69
304,Jamesy,Dunkley,jdunkley8f@tumblr.com,Male,80.150.247.112,$35.28
305,Kyla,Canto,kcanto8g@prnewswire.com,Female,64.86.64.32,$661.68
306,Dallas,Gilfoy,dgilfoy8h@oakley.com,Male,60.23.167.250,$814.85
307,Huntley,Brosi,hbrosi8i@github.io,Male,164.135.117.116,$944.54
308,Dreddy,Perrington,dperrington8j@home.pl,Female,231.170.30.226,$835.95
309,Oliy,Durward,odurward8k@hostgator.com,Female,45.101.21.157,$272.96
310,Eleonora,Hanaby,ehanaby8l@xrea.com,Female,228.62.228.30,$800.69
311,Fields,Duckit,fduckit8m@123-reg.co.uk,Male,193.24.81.44,$132.95
312,Mikel,Senten,msenten8n@state.gov,Male,213.177.53.34,$4.03
313,Boyd,Withinshaw,bwithinshaw8o@ibm.com,Male,127.225.111.244,$365.22
314,Audie,Eckley,aeckley8p@shop-pro.jp,Female,223.205.23.84,$120.18
315,Essie,Raymen,eraymen8q@ucsd.edu,Female,38.36.7.67,$362.15
316,Northrup,Hutchins,nhutchins8r@hugedomains.com,Male,253.174.99.216,$527.86
317,Arty,Janew,ajanew8s@goo.gl,Male,143.241.226.12,$826.25
318,Peta,Bugg,pbugg8t@ning.com,Female,76.127.195.117,$27.42
319,Hayes,Morgans,hmorgans8u@toplist.cz,Male,83.176.183.94,$917.17
320,Gianni,Chene,gchene8v@gravatar.com,Male,252.69.41.63,$484.28
321,Nixie,Castledine,ncastledine8w@tamu.edu,Female,60.67.99.214,$876.33
322,Elbert,Axtell,eaxtell8x@weibo.com,Male,194.160.93.58,$535.80
323,Linnie,Bayldon,lbayldon8y@google.it,Female,201.76.68.163,$440.84
324,Odele,Zanussii,ozanussii8z@washingtonpost.com,Female,220.76.89.58,$5.19
325,Corry,Bridgestock,cbridgestock90@youtube.com,Female,52.150.1.35,$574.71
326,Emmett,McEntagart,emcentagart91@geocities.com,Bigender,146.197.182.164,$82.39
327,Orsola,Ogers,oogers92@ft.com,Female,190.167.236.106,$399.37
328,Vergil,McGavigan,vmcgavigan93@va.gov,Male,252.186.73.6,$989.75
329,Herminia,Fardoe,hfardoe94@oaic.gov.au,Female,149.149.101.144,$111.00
330,Willetta,Wharton,wwharton95@guardian.co.uk,Female,253.217.47.171,$679.11
331,Corissa,Pieracci,cpieracci96@miibeian.gov.cn,Female,49.217.253.193,$343.50
332,Gerald,Haney,ghaney97@so-net.ne.jp,Male,14.78.217.165,$651.10
333,Ardath,Durston,adurston98@1und1.de,Polygender,175.211.194.103,$866.35
334,Monique,Caplin,mcaplin99@123-reg.co.uk,Female,83.74.218.68,$996.13
335,Friederike,Brannon,fbrannon9a@123-reg.co.uk,Female,36.46.71.87,$672.36
336,Andrew,Kiff,akiff9b@surveymonkey.com,Male,60.72.219.116,$467.19
337,Drusi,Oade,doade9c@utexas.edu,Female,201.165.85.198,$167.58
338,Lothario,Spreadbury,lspreadbury9d@google.com.hk,Male,246.73.78.110,$695.23
339,Vinny,Parfrey,vparfrey9e@tripadvisor.com,Female,228.176.198.172,$368.21
340,Charles,Saban,csaban9f@over-blog.com,Male,186.210.208.204,$638.11
341,Alikee,Abbots,aabbots9g@fotki.com,Female,75.165.186.158,$849.77
342,Rabi,Kulver,rkulver9h@squidoo.com,Male,52.83.33.225,$89.83
343,Sidnee,Kropp,skropp9i@behance.net,Male,111.40.166.33,$984.79
344,Giuseppe,Janatka,gjanatka9j@tumblr.com,Male,48.224.38.254,$476.21
345,Fawnia,Jovanovic,fjovanovic9k@businessinsider.com,Female,23.36.215.163,$154.77
346,Kizzee,Dracksford,kdracksford9l@zdnet.com,Female,4.210.215.185,$692.51
347,Brittani,Barcroft,bbarcroft9m@redcross.org,Female,126.146.224.249,$982.75
348,Ericka,Fulleylove,efulleylove9n@senate.gov,Female,205.99.253.29,$468.93
349,Kimble,Bareham,kbareham9o@businesswire.com,Male,37.7.129.238,$463.22
350,Nixie,Chasen,nchasen9p@gizmodo.com,Female,103.60.182.204,$940.24
351,Trenton,Harbottle,tharbottle9q@bbb.org,Non-binary,1.50.212.142,$326.77
352,Burty,Ablitt,bablitt9r@w3.org,Male,85.158.195.92,$491.68
353,Robinette,Tethacot,rtethacot9s@example.com,Female,6.79.198.17,$464.41
354,Joletta,Abramcik,jabramcik9t@reference.com,Female,11.179.255.65,$594.22
355,Barret,Kristufek,bkristufek9u@utexas.edu,Male,123.175.87.147,$265.44
356,Nani,Shrawley,nshrawley9v@boston.com,Female,217.92.126.92,$366.14
357,Dagny,Spring,dspring9w@de.vu,Male,27.166.188.245,$99.30
358,Oliver,Hannaford,ohannaford9x@scientificamerican.com,Male,108.218.151.86,$593.79
359,Ceil,Bath,cbath9y@china.com.cn,Female,137.165.215.24,$528.87
360,Eolanda,Skeleton,eskeleton9z@hao123.com,Female,218.205.195.164,$172.68
361,Lock,O'Kuddyhy,lokuddyhya0@com.com,Male,165.38.164.235,$434.24
362,Binky,Havik,bhavika1@mit.edu,Bigender,173.229.46.145,$702.71
363,Araldo,Everson,aeversona2@imdb.com,Male,189.42.36.83,$384.15
364,Bibi,Nichols,bnicholsa3@people.com.cn,Female,136.110.211.89,$295.88
365,Carita,Luna,clunaa4@uol.com.br,Genderfluid,88.52.222.38,$924.46
366,Klarrisa,Paulton,kpaultona5@lulu.com,Female,74.203.115.85,$714.95
367,Karola,Collett,kcolletta6@yellowpages.com,Female,166.154.87.205,$724.48
368,Amabelle,Elmhirst,aelmhirsta7@lycos.com,Female,65.141.30.50,$356.96
369,Wilmer,Warlawe,wwarlawea8@wordpress.com,Agender,71.248.162.251,$353.75
370,Conant,Bolwell,cbolwella9@altervista.org,Male,242.18.88.181,$746.55
371,Daffi,Mistry,dmistryaa@de.vu,Female,59.182.49.17,$595.55
372,Kerstin,McClean,kmccleanab@cisco.com,Female,247.91.124.121,$111.11
373,Demetre,Poland,dpolandac@ox.ac.uk,Male,55.39.188.146,$712.24
374,Athene,Bruster,abrusterad@ucoz.com,Female,44.144.243.57,$351.16
375,Yul,Chittleburgh,ychittleburghae@yahoo.co.jp,Male,120.198.3.197,$87.12
376,Jedd,Lindwall,jlindwallaf@google.cn,Male,221.216.115.27,$79.73
377,Hetti,Schollar,hschollarag@businessweek.com,Female,133.125.135.122,$568.90
378,Nikos,Lozano,nlozanoah@myspace.com,Genderfluid,87.23.230.18,$671.96
379,Doll,Di Iorio,ddiiorioai@army.mil,Bigender,122.176.114.157,$45.37
380,Darrel,Turpin,dturpinaj@oracle.com,Polygender,247.159.28.229,$691.06
381,Kiley,Whettleton,kwhettletonak@cpanel.net,Female,97.56.60.190,$684.96
382,Bobbette,Ortell,bortellal@census.gov,Female,144.254.248.63,$38.51
383,Noah,Worsom,nworsomam@vk.com,Male,179.171.9.186,$406.33
384,Jobina,Arpin,jarpinan@yellowpages.com,Female,255.51.10.252,$172.01
385,Essa,Shadfourth,eshadfourthao@telegraph.co.uk,Agender,0.136.218.250,$850.65
386,Blanca,Shaw,bshawap@twitpic.com,Female,78.42.33.169,$127.97
387,Felipa,Yushkov,fyushkovaq@bigcartel.com,Female,1.169.178.156,$13.28
388,Chiquia,D'Orsay,cdorsayar@nba.com,Female,147.75.33.124,$654.26
389,Shauna,Blunkett,sblunkettas@sourceforge.net,Female,34.219.68.174,$228.62
390,Margareta,Rudall,mrudallat@gov.uk,Female,50.204.25.61,$127.23
391,Woodrow,Doreward,wdorewardau@engadget.com,Male,83.126.223.138,$375.70
392,Sarette,Dumper,sdumperav@about.me,Female,208.137.97.233,$652.65
393,Brandon,Sanbrooke,bsanbrookeaw@mtv.com,Male,82.191.226.102,$965.56
394,Even,Bahls,ebahlsax@census.gov,Male,57.1.29.67,$752.69
395,Walliw,Heikkinen,wheikkinenay@scientificamerican.com,Female,219.33.187.55,$941.04
396,Tobit,Borth,tborthaz@nydailynews.com,Male,33.15.254.251,$945.16
397,Sybil,Ingman,singmanb0@squidoo.com,Female,244.166.79.7,$394.23
398,Tirrell,Stains,tstainsb1@harvard.edu,Male,12.28.139.236,$19.04
399,Gunar,Dear,gdearb2@instagram.com,Male,119.44.172.247,$28.97
400,Sarita,Lancetter,slancetterb3@comcast.net,Female,149.230.202.46,$226.47
401,Reilly,Blakeman,rblakemanb4@bigcartel.com,Male,228.42.166.114,$61.85
402,Kevin,Stanlake,kstanlakeb5@gizmodo.com,Agender,99.50.120.37,$609.84
403,Sally,Berrick,sberrickb6@bizjournals.com,Polygender,100.62.252.50,$64.46
404,Diandra,Iacomettii,diacomettiib7@techcrunch.com,Female,229.109.80.144,$265.07
405,Gates,Petasch,gpetaschb8@yellowbook.com,Female,186.244.157.175,$967.11
406,Eugenia,Bosenworth,ebosenworthb9@csmonitor.com,Female,83.141.96.85,$326.96
407,Sonnnie,Hinsch,shinschba@blinklist.com,Female,82.210.128.241,$770.65
408,Iver,Brownsell,ibrownsellbb@thetimes.co.uk,Male,216.107.189.132,$114.54
409,Alix,Baldack,abaldackbc@myspace.com,Male,190.154.83.101,$137.18
410,Fair,Lansberry,flansberrybd@yellowpages.com,Male,186.167.15.38,$745.54
411,Edgar,Reily,ereilybe@reuters.com,Male,102.57.104.52,$187.08
412,Cord,Orpin,corpinbf@seesaa.net,Male,140.10.140.151,$282.31
413,Siffre,Bewshire,sbewshirebg@freewebs.com,Male,50.155.182.96,$887.37
414,Burl,Shore,bshorebh@rambler.ru,Male,189.10.254.189,$460.63
415,Alistair,Faircliffe,afaircliffebi@elegantthemes.com,Male,160.138.68.253,$160.38
416,Celestine,Devonish,cdevonishbj@usda.gov,Female,148.47.1.131,$875.78
417,Alanna,Riccardelli,ariccardellibk@stanford.edu,Female,122.225.230.204,$684.23
418,Jobyna,Klouz,jklouzbl@hatena.ne.jp,Female,159.159.76.127,$466.13
419,Yoshiko,Grimsdale,ygrimsdalebm@livejournal.com,Female,203.31.29.17,$405.16
420,Aryn,Armell,aarmellbn@wikia.com,Female,64.118.67.36,$394.07
421,Dorri,Lackney,dlackneybo@woothemes.com,Genderfluid,2.104.182.49,$505.73
422,Phoebe,Simison,psimisonbp@sphinn.com,Female,96.125.17.194,$667.18
423,Melisandra,Ambrosoni,mambrosonibq@weather.com,Genderqueer,24.166.105.243,$122.47
424,Melva,Milmo,mmilmobr@engadget.com,Female,194.71.86.195,$98.61
425,Freeman,Sabban,fsabbanbs@walmart.com,Male,105.158.35.200,$776.41
426,Vail,Partington,vpartingtonbt@examiner.com,Male,231.38.242.237,$977.16
427,Darrin,Caller,dcallerbu@cisco.com,Male,179.204.192.133,$48.30
428,Donelle,Maytum,dmaytumbv@google.com.br,Female,249.170.41.236,$248.81
429,Myrtia,Demelt,mdemeltbw@51.la,Female,87.96.110.210,$294.77
430,Odella,Lukacs,olukacsbx@harvard.edu,Female,28.147.102.208,$322.79
431,Shawnee,Cossam,scossamby@t-online.de,Female,177.205.78.154,$628.63
432,Fifi,Wilsey,fwilseybz@artisteer.com,Female,202.248.169.240,$802.46
433,Louella,Gronous,lgronousc0@jiathis.com,Bigender,235.67.238.104,$718.93
434,Brent,Cratchley,bcratchleyc1@icio.us,Male,87.219.42.73,$340.68
435,Araldo,Cabera,acaberac2@yolasite.com,Male,78.151.70.26,$262.71
436,Faun,Blasoni,fblasonic3@arstechnica.com,Genderqueer,53.5.120.105,$748.04
437,Selina,Parnby,sparnbyc4@cocolog-nifty.com,Genderfluid,212.57.226.124,$37.57
438,Flossy,Wagner,fwagnerc5@mlb.com,Female,254.72.160.139,$618.66
439,Eldon,Crampsy,ecrampsyc6@oaic.gov.au,Male,1.108.224.229,$698.77
440,Hettie,Orred,horredc7@unicef.org,Genderfluid,146.195.16.65,$116.18
441,Dorine,Downing,ddowningc8@cargocollective.com,Female,159.117.4.97,$552.02
442,Sansone,Ockwell,sockwellc9@home.pl,Male,250.63.149.104,$857.52
443,Wayland,Ewell,wewellca@squidoo.com,Male,119.245.60.108,$229.77
444,Shae,O'Brogane,sobroganecb@liveinternet.ru,Male,32.254.47.57,$975.93
445,Annadiane,Hanigan,ahanigancc@cbslocal.com,Female,161.11.76.141,$262.93
446,Bonnibelle,Deuss,bdeusscd@typepad.com,Female,244.202.166.176,$127.57
447,Jacqueline,Gosswell,jgosswellce@friendfeed.com,Female,100.80.69.136,$115.58
448,Mareah,Broodes,mbroodescf@over-blog.com,Female,161.159.39.246,$428.18
449,Maryjane,Hucke,mhuckecg@blogs.com,Female,14.19.233.213,$367.22
450,Roddie,Jepson,rjepsonch@instagram.com,Male,4.94.159.164,$695.70
451,Corinne,Bampkin,cbampkinci@1und1.de,Female,38.38.180.41,$115.95
452,Yevette,Pauncefoot,ypauncefootcj@abc.net.au,Female,25.125.12.88,$744.06
453,Nalani,Peffer,npefferck@123-reg.co.uk,Female,219.229.251.34,$919.13
454,Dex,Brimacombe,dbrimacombecl@amazonaws.com,Male,33.168.37.80,$238.48
455,Marlyn,Riediger,mriedigercm@pagesperso-orange.fr,Female,98.179.234.46,$603.45
456,Westley,Henze,whenzecn@soup.io,Male,212.165.249.214,$93.58
457,Gloria,Wardingly,gwardinglyco@home.pl,Female,202.5.135.72,$637.12
458,Marya,Balthasar,mbalthasarcp@blogs.com,Female,162.164.88.176,$409.23
459,Will,Monks,wmonkscq@boston.com,Male,79.216.176.134,$462.94
460,Trish,Coit,tcoitcr@upenn.edu,Female,120.75.232.132,$838.62
461,Penny,Yallowley,pyallowleycs@scribd.com,Female,215.233.82.15,$914.96
462,Corey,Glassard,cglassardct@techcrunch.com,Male,6.165.16.101,$190.91
463,Donaugh,Burr,dburrcu@tmall.com,Male,61.47.174.150,$876.00
464,Ealasaid,Timby,etimbycv@sogou.com,Female,65.79.47.197,$486.45
465,Simonette,Cosstick,scosstickcw@fotki.com,Polygender,110.9.54.77,$286.59
466,Heddi,Beveridge,hbeveridgecx@gizmodo.com,Female,72.63.227.128,$133.03
467,Lyon,Yanson,lyansoncy@mit.edu,Male,80.230.143.7,$770.06
468,Beverley,Pettis,bpettiscz@moonfruit.com,Female,86.31.234.35,$13.18
469,Jill,Kenforth,jkenforthd0@cocolog-nifty.com,Female,250.224.35.25,$546.52
470,Terrence,Brierly,tbrierlyd1@storify.com,Male,94.125.218.17,$724.66
471,Morten,McCaughen,mmccaughend2@berkeley.edu,Male,77.153.253.7,$819.76
472,Mattias,Blucher,mblucherd3@ebay.com,Male,140.39.142.5,$183.08
473,Den,Godlip,dgodlipd4@zdnet.com,Male,83.148.200.183,$291.56
474,Harrison,Horsburgh,hhorsburghd5@buzzfeed.com,Male,252.232.101.4,$410.40
475,Ainsley,Jobson,ajobsond6@scientificamerican.com,Female,63.101.141.26,$411.49
476,Alexander,Loftie,aloftied7@smugmug.com,Male,199.200.56.106,$953.21
477,Delmor,Gieves,dgievesd8@surveymonkey.com,Male,33.29.161.84,$405.94
478,Brina,Sparkwell,bsparkwelld9@histats.com,Female,129.201.101.53,$310.77
479,Hewet,Caps,hcapsda@cargocollective.com,Male,221.142.201.27,$445.96
480,Giffer,Preskett,gpreskettdb@icq.com,Male,82.24.38.31,$570.03
481,Traver,Benck,tbenckdc@engadget.com,Male,62.240.39.174,$901.28
482,Zelda,Ludford,zludforddd@mapquest.com,Female,107.148.83.178,$808.77
483,Ronalda,Penkman,rpenkmande@typepad.com,Female,190.29.178.28,$721.40
484,Candice,Wickwar,cwickwardf@privacy.gov.au,Female,66.109.147.251,$561.23
485,Stevana,Martusov,smartusovdg@thetimes.co.uk,Female,237.162.208.217,$394.44
486,Emili,Neiland,eneilanddh@elpais.com,Female,154.150.10.123,$567.38
487,Major,Puttock,mputtockdi@cam.ac.uk,Male,47.7.8.84,$528.98
488,Barty,Millyard,bmillyarddj@techcrunch.com,Male,166.57.105.79,$304.10
489,Lothaire,Sich,lsichdk@e-recht24.de,Male,211.221.202.54,$994.00
490,Lem,Brakewell,lbrakewelldl@typepad.com,Male,137.52.217.35,$279.80
491,Annabella,Bratty,abrattydm@princeton.edu,Female,130.180.251.162,$76.67
492,Thebault,Hollingsbee,thollingsbeedn@wix.com,Male,255.193.239.156,$109.55
493,Rolfe,Creer,rcreerdo@netvibes.com,Male,233.70.221.27,$546.06
494,Darcey,Vink,dvinkdp@liveinternet.ru,Female,241.39.76.151,$420.67
495,Aili,Gibson,agibsondq@google.com.hk,Female,126.4.62.74,$800.29
496,Tess,Luckcuck,tluckcuckdr@paypal.com,Female,125.0.235.215,$104.10
497,Georgeta,Sybry,gsybryds@networksolutions.com,Genderfluid,86.123.12.128,$152.88
498,Elmore,Worlidge,eworlidgedt@alexa.com,Male,41.38.154.124,$468.98
499,Beale,Haney,bhaneydu@oracle.com,Male,217.67.183.146,$885.35
500,Edie,Gwyn,egwyndv@sina.com.cn,Female,44.2.51.205,$49.44
501,Jarrett,Fenix,jfenixdw@devhub.com,Male,116.175.31.13,$928.77
502,Amby,Sparshutt,asparshuttdx@purevolume.com,Male,21.165.117.9,$430.50
503,Maurice,Turnor,mturnordy@whitehouse.gov,Male,219.126.29.206,$853.76
504,Ingelbert,Whistan,iwhistandz@cnbc.com,Male,35.222.79.196,$413.12
505,Mimi,Pardon,mpardone0@moonfruit.com,Female,118.253.213.2,$270.86
506,Dorian,Heiner,dheinere1@pagesperso-orange.fr,Male,166.41.58.220,$134.19
507,Linn,Esselin,lesseline2@nyu.edu,Female,103.32.250.129,$676.63
508,Skell,Pilgrim,spilgrime3@posterous.com,Male,112.213.45.159,$677.31
509,Kalinda,Faithfull,kfaithfulle4@chronoengine.com,Female,46.63.29.227,$11.76
510,Rayna,Bryant,rbryante5@furl.net,Female,148.48.73.151,$547.51
511,Rupert,Conws,rconwse6@wordpress.com,Male,254.208.125.106,$974.93
512,Sasha,McAuslene,smcauslenee7@facebook.com,Genderqueer,83.116.175.84,$312.81
513,Alberta,Hayland,ahaylande8@baidu.com,Female,209.35.93.6,$79.20
514,Barthel,Scatcher,bscatchere9@java.com,Male,56.85.30.172,$717.13
515,Talbot,Antusch,tantuschea@cpanel.net,Male,158.91.89.119,$58.06
516,Faydra,Topley,ftopleyeb@woothemes.com,Female,182.113.161.193,$346.37
517,Maurene,Mattys,mmattysec@foxnews.com,Female,135.161.176.0,$442.07
518,Quentin,Dauber,qdaubered@patch.com,Female,176.226.183.35,$58.02
519,Georgi,Pullman,gpullmanee@cisco.com,Genderqueer,174.103.115.107,$92.74
520,Francesco,McKeeman,fmckeemanef@hubpages.com,Genderqueer,102.52.249.92,$499.32
521,Nerissa,Petzolt,npetzolteg@salon.com,Female,186.135.183.254,$102.09
522,Kariotta,Gudgion,kgudgioneh@reddit.com,Polygender,216.180.1.122,$879.52
523,Teena,Edgeller,tedgellerei@opera.com,Agender,110.90.180.33,$474.86
524,Elisabet,Roony,eroonyej@bluehost.com,Female,76.41.213.82,$761.59
525,Anna-maria,Bourgour,abourgourek@nih.gov,Female,157.13.242.152,$799.76
526,Evita,Langhorne,elanghorneel@paginegialle.it,Female,182.150.152.198,$89.86
527,Garrott,Cahalan,gcahalanem@liveinternet.ru,Male,116.24.157.22,$432.07
528,Manuel,Ipgrave,mipgraveen@google.com.au,Male,245.60.90.152,$538.80
529,Brandy,McGinn,bmcginneo@aol.com,Non-binary,70.36.160.208,$487.02
530,Hanson,Ixor,hixorep@artisteer.com,Male,53.91.158.73,$196.09
531,Ethelbert,Devereu,edevereueq@bravesites.com,Male,219.204.157.181,$784.86
532,Olympie,Gerin,ogeriner@canalblog.com,Female,6.168.127.222,$985.98
533,Thebault,Riseborough,triseboroughes@mail.ru,Male,199.247.196.208,$710.50
534,Ida,Looney,ilooneyet@bigcartel.com,Female,32.204.238.47,$562.80
535,Rockey,Christophersen,rchristopherseneu@cmu.edu,Agender,232.123.228.110,$507.27
536,Bernadette,Buttery,bbutteryev@redcross.org,Female,203.215.141.243,$880.29
537,Saunders,Klampk,sklampkew@hc360.com,Male,195.10.204.9,$25.53
538,Lexie,Klosges,lklosgesex@addthis.com,Female,209.73.136.231,$236.20
539,Hildy,Guillerman,hguillermaney@yandex.ru,Female,107.244.3.161,$801.11
540,Silvana,Hockey,shockeyez@arstechnica.com,Female,160.129.52.99,$925.04
541,Bax,Grogan,bgroganf0@sina.com.cn,Male,220.213.8.158,$275.25
542,Natty,Castledine,ncastledinef1@skype.com,Agender,157.214.206.21,$205.58
543,Finley,Utting,futtingf2@jimdo.com,Male,188.141.77.42,$335.38
544,Lelia,Castellan,lcastellanf3@hatena.ne.jp,Female,183.126.83.181,$421.26
545,Dalt,Halsted,dhalstedf4@google.it,Male,248.107.115.40,$280.86
546,Dela,Falconer-Taylor,dfalconertaylorf5@hao123.com,Female,121.188.11.237,$654.96
547,Inness,Jupe,ijupef6@sun.com,Male,152.155.90.137,$819.52
548,Darin,Stoppe,dstoppef7@macromedia.com,Male,203.90.120.231,$389.11
549,Delilah,Bouldstridge,dbouldstridgef8@prlog.org,Female,107.82.230.33,$587.33
550,Norman,Walkinshaw,nwalkinshawf9@samsung.com,Male,55.24.111.20,$603.99
551,Genna,Schild,gschildfa@adobe.com,Female,185.158.31.123,$393.98
552,Jeramie,Moughton,jmoughtonfb@nymag.com,Male,75.60.201.80,$529.28
553,Lenci,Myrkus,lmyrkusfc@ibm.com,Male,250.194.145.59,$732.10
554,Jenifer,Baynon,jbaynonfd@taobao.com,Female,94.165.88.42,$531.32
555,Mattie,Haberjam,mhaberjamfe@guardian.co.uk,Non-binary,35.252.107.2,$740.57
556,Salmon,Akenhead,sakenheadff@columbia.edu,Male,5.102.20.116,$921.60
557,Ravid,Beetham,rbeethamfg@ask.com,Male,175.64.138.199,$505.70
558,Granny,Mattiessen,gmattiessenfh@state.gov,Male,63.81.91.72,$595.54
559,Magnum,Brisseau,mbrisseaufi@jiathis.com,Male,37.137.220.117,$273.11
560,Jennie,Royce,jroycefj@taobao.com,Female,95.9.78.38,$845.52
561,Elbertina,Dahlbom,edahlbomfk@ibm.com,Female,7.144.61.248,$426.12
562,Kaiser,O'Mahoney,komahoneyfl@lulu.com,Male,248.113.39.182,$536.79
563,Ferguson,Creamen,fcreamenfm@noaa.gov,Male,188.170.63.58,$676.34
564,Sol,Eickhoff,seickhofffn@buzzfeed.com,Male,108.81.211.46,$233.38
565,Charmine,Winfrey,cwinfreyfo@ovh.net,Genderfluid,91.76.252.198,$13.03
566,Levin,Garbar,lgarbarfp@nhs.uk,Male,190.132.112.38,$554.75
567,Silvano,McFaell,smcfaellfq@hatena.ne.jp,Male,79.88.170.15,$552.02
568,Ludwig,Monery,lmoneryfr@lulu.com,Male,28.33.199.6,$450.09
569,Saundra,Downton,sdowntonfs@gravatar.com,Male,180.45.239.47,$381.21
570,Fabe,Bollis,fbollisft@ezinearticles.com,Male,42.50.128.235,$378.52
571,Moise,Bromby,mbrombyfu@army.mil,Male,185.223.77.173,$217.34
572,Gunter,Diperaus,gdiperausfv@microsoft.com,Male,195.71.34.111,$505.93
573,Jeramey,Tuley,jtuleyfw@tuttocitta.it,Male,89.189.8.253,$170.67
574,Danny,Boman,dbomanfx@alexa.com,Male,254.151.79.217,$135.46
575,Parrnell,Vassel,pvasselfy@hostgator.com,Male,126.14.156.135,$917.39
576,Bobbie,Trussell,btrussellfz@timesonline.co.uk,Male,144.205.161.70,$60.85
577,Kellen,Meininger,kmeiningerg0@de.vu,Male,179.240.241.241,$243.40
578,Julia,Bensen,jbenseng1@hatena.ne.jp,Female,25.216.54.199,$633.91
579,Alana,Bracchi,abracchig2@flavors.me,Female,243.207.129.157,$153.81
580,Angelia,Littefair,alittefairg3@sun.com,Female,108.241.18.241,$484.01
581,Melesa,Cave,mcaveg4@npr.org,Polygender,156.120.21.41,$461.59
582,Luella,Miere,lmiereg5@cbsnews.com,Polygender,89.66.39.121,$42.64
583,Athene,Haile,ahaileg6@xrea.com,Female,202.39.25.217,$532.94
584,Hank,Parkisson,hparkissong7@twitpic.com,Male,123.54.168.139,$404.29
585,Cortie,Newey,cneweyg8@washingtonpost.com,Male,121.40.213.138,$440.85
586,Fancie,Platt,fplattg9@cpanel.net,Female,245.5.61.155,$962.76
587,Cherice,Barwise,cbarwisega@hatena.ne.jp,Female,51.144.120.81,$375.50
588,Letta,Diament,ldiamentgb@sina.com.cn,Female,137.134.89.15,$83.22
589,Karlan,Feore,kfeoregc@devhub.com,Male,131.202.63.163,$715.79
590,Lindy,Bengoechea,lbengoecheagd@disqus.com,Male,176.32.234.105,$879.49
591,Yurik,Yeude,yyeudege@alexa.com,Male,152.81.42.193,$978.54
592,Dell,Josefer,djosefergf@ted.com,Male,227.166.125.122,$466.05
593,Sayre,Yelding,syeldinggg@auda.org.au,Female,142.129.157.192,$793.90
594,Irene,Wabersinke,iwabersinkegh@soup.io,Female,91.218.151.164,$118.53
595,Milli,McFeat,mmcfeatgi@hhs.gov,Female,169.144.47.29,$444.47
596,Cherri,Trusty,ctrustygj@hud.gov,Female,164.86.247.179,$540.99
597,Archibaldo,Capeloff,acapeloffgk@netlog.com,Male,229.254.136.171,$914.90
598,Marvin,Summerbell,msummerbellgl@wordpress.org,Male,139.128.115.97,$488.14
599,Silvie,Zuanazzi,szuanazzigm@narod.ru,Female,44.142.200.105,$330.72
600,Euphemia,Van T'Hoog,evanthooggn@csmonitor.com,Polygender,153.4.97.117,$645.91
601,Oates,Pittem,opittemgo@over-blog.com,Male,192.168.172.50,$556.23
602,Orville,Foukx,ofoukxgp@thetimes.co.uk,Male,134.169.124.207,$673.65
603,Domeniga,Javes,djavesgq@princeton.edu,Female,105.251.247.223,$898.96
604,Daniel,Crutch,dcrutchgr@shop-pro.jp,Male,217.219.177.70,$629.74
605,Steward,Jekyll,sjekyllgs@youtu.be,Male,117.228.117.174,$227.05
606,Fredrika,Abramof,fabramofgt@time.com,Female,185.158.226.18,$488.68
607,Dion,Leathlay,dleathlaygu@creativecommons.org,Female,21.56.132.169,$138.36
608,Hali,De Mattei,hdematteigv@businessweek.com,Female,69.175.90.85,$883.41
609,Norean,Brede,nbredegw@europa.eu,Female,247.33.93.36,$397.87
610,Seamus,Morfett,smorfettgx@google.co.jp,Polygender,173.233.112.199,$88.53
611,Bernie,Ivery,biverygy@51.la,Male,173.166.156.134,$787.70
612,Leann,Grutchfield,lgrutchfieldgz@google.com,Female,4.49.63.188,$301.60
613,Mae,Jorge,mjorgeh0@angelfire.com,Female,5.249.13.210,$651.99
614,Brodie,Heinemann,bheinemannh1@last.fm,Male,139.142.174.129,$980.61
615,Margette,Adlington,madlingtonh2@gnu.org,Female,118.7.129.246,$307.33
616,Earle,Longlands,elonglandsh3@springer.com,Male,156.161.123.150,$934.40
617,Pail,Borne,pborneh4@comsenz.com,Male,109.227.48.208,$870.77
618,Brnaby,Edkins,bedkinsh5@diigo.com,Genderfluid,145.62.242.126,$774.45
619,Hildagarde,Strute,hstruteh6@timesonline.co.uk,Female,124.119.4.240,$598.64
620,Lothario,Ganley,lganleyh7@goodreads.com,Male,221.105.210.7,$482.87
621,Jamison,Flacke,jflackeh8@princeton.edu,Male,137.94.221.245,$394.51
622,Prentiss,Getsham,pgetshamh9@slashdot.org,Male,47.83.216.159,$346.90
623,Dorie,Mattusevich,dmattusevichha@clickbank.net,Male,11.92.143.179,$861.29
624,Elnar,Eddington,eeddingtonhb@amazon.co.jp,Male,159.105.210.76,$131.59
625,Zorina,Lamonby,zlamonbyhc@instagram.com,Female,72.33.92.166,$839.54
626,Clara,Webby,cwebbyhd@whitehouse.gov,Female,232.86.8.253,$74.74
627,Demeter,Hambribe,dhambribehe@ezinearticles.com,Female,84.23.177.31,$403.40
628,Galen,Chiverton,gchivertonhf@java.com,Male,89.163.179.98,$117.21
629,Mayer,Oldacre,moldacrehg@wix.com,Male,98.85.137.133,$510.79
630,Miguelita,Rudiger,mrudigerhh@nps.gov,Female,65.92.167.236,$618.73
631,Aggy,Godin,agodinhi@mac.com,Female,51.178.48.105,$364.72
632,Gill,Strewthers,gstrewthershj@redcross.org,Female,148.17.55.241,$490.94
633,Thomasina,Francino,tfrancinohk@google.nl,Female,210.138.70.109,$714.31
634,Alexina,Tarbatt,atarbatthl@webmd.com,Female,241.159.247.66,$174.01
635,Tamqrah,Orrocks,torrockshm@jiathis.com,Female,51.84.175.111,$319.15
636,Stanford,Bestwerthick,sbestwerthickhn@huffingtonpost.com,Polygender,154.86.49.81,$484.57
637,Latia,Royans,lroyansho@ca.gov,Female,92.100.139.170,$958.22
638,Henka,Robardley,hrobardleyhp@house.gov,Agender,134.124.82.70,$560.13
639,Claire,Gasparro,cgasparrohq@zdnet.com,Female,169.126.93.76,$850.61
640,Retha,Scanlan,rscanlanhr@godaddy.com,Female,110.213.113.152,$343.87
641,Kikelia,Jobke,kjobkehs@jimdo.com,Female,62.210.221.184,$285.58
642,Griffin,Forge,gforgeht@mlb.com,Male,51.248.30.235,$321.40
643,Ximenez,Wrinch,xwrinchhu@independent.co.uk,Male,243.158.49.87,$201.06
644,Timmi,Daffey,tdaffeyhv@hibu.com,Female,78.146.144.127,$990.04
645,Bradly,Cecchi,bcecchihw@trellian.com,Male,247.78.91.130,$292.60
646,Sari,Sopper,ssopperhx@360.cn,Female,157.85.237.46,$875.71
647,Myrilla,Vedeshkin,mvedeshkinhy@dion.ne.jp,Female,99.193.86.100,$184.31
648,Reinaldo,Kleinhausen,rkleinhausenhz@tamu.edu,Male,4.181.18.250,$103.44
649,Melodee,Wanden,mwandeni0@mit.edu,Female,187.252.63.119,$733.83
650,Joanna,Tommasetti,jtommasettii1@craigslist.org,Female,24.134.202.105,$217.54
651,Beatrice,Ellen,belleni2@bbb.org,Female,154.37.9.144,$306.05
652,Celie,Emptage,cemptagei3@unc.edu,Female,132.89.108.147,$379.23
653,Gwynne,Ridel,grideli4@live.com,Female,127.244.127.97,$157.86
654,Berri,Pepperell,bpepperelli5@yahoo.co.jp,Female,75.236.111.17,$785.47
655,Marysa,Jubb,mjubbi6@creativecommons.org,Female,255.232.53.176,$155.50
656,Rollo,Paula,rpaulai7@taobao.com,Male,198.151.58.135,$857.50
657,Rozanna,Hardy-Piggin,rhardypiggini8@indiegogo.com,Female,62.86.126.41,$893.48
658,Lainey,Roubeix,lroubeixi9@scientificamerican.com,Female,99.240.127.167,$178.31
659,Ola,Hurnell,ohurnellia@prlog.org,Female,131.135.39.244,$172.01
660,Ambrosius,Cardenoso,acardenosoib@tiny.cc,Male,161.158.2.188,$391.71
661,Nikkie,Schukraft,nschukraftic@livejournal.com,Female,99.201.18.129,$587.89
662,Liam,Elsworth,lelsworthid@google.de,Non-binary,142.165.161.235,$902.35
663,Kasper,Dunn,kdunnie@wix.com,Male,130.3.82.41,$23.57
664,Erda,Lewsy,elewsyif@baidu.com,Female,109.217.129.44,$198.28
665,Maye,Shreeve,mshreeveig@state.gov,Female,189.57.156.93,$685.86
666,Wenonah,Schlagman,wschlagmanih@issuu.com,Polygender,242.186.139.217,$404.94
667,Desmond,Gillman,dgillmanii@si.edu,Male,17.30.168.255,$100.89
668,Catha,Jendrich,cjendrichij@forbes.com,Female,85.173.235.0,$142.97
669,Theodoric,Sollas,tsollasik@unblog.fr,Male,24.62.90.32,$389.18
670,Verney,Extil,vextilil@php.net,Male,158.229.237.216,$571.55
671,Ewen,Light,elightim@apache.org,Male,46.138.144.146,$720.71
672,Michel,Bidewel,mbidewelin@chicagotribune.com,Male,229.139.135.93,$269.97
673,Emmalynne,Carde,ecardeio@purevolume.com,Female,57.250.187.1,$748.55
674,Cynthie,Fennick,cfennickip@blog.com,Female,237.11.136.97,$550.55
675,Mufinella,Hulme,mhulmeiq@dot.gov,Female,20.236.7.172,$172.50
676,Mirilla,Lafoy,mlafoyir@ustream.tv,Female,84.35.72.197,$754.14
677,Andrus,Dring,adringis@wiley.com,Male,13.99.201.163,$667.15
678,Shae,Pina,spinait@nps.gov,Male,69.218.166.25,$36.59
679,Roanne,Hamon,rhamoniu@netscape.com,Female,80.0.144.121,$979.64
680,Josie,Scamel,jscameliv@mozilla.com,Female,75.140.59.59,$48.12
681,Godfree,Phippen,gphippeniw@ft.com,Male,119.151.211.101,$708.69
682,Fidel,Mithan,fmithanix@mapquest.com,Male,68.136.211.54,$641.01
683,Con,Patis,cpatisiy@usnews.com,Non-binary,38.189.201.210,$397.37
684,Frasquito,Sidney,fsidneyiz@ow.ly,Male,114.242.83.255,$789.36
685,Davy,Mabee,dmabeej0@networkadvertising.org,Bigender,159.194.18.189,$895.69
686,Kizzie,Kermeen,kkermeenj1@berkeley.edu,Agender,45.196.217.25,$853.70
687,Fraze,Freed,ffreedj2@toplist.cz,Male,155.159.177.183,$688.80
688,Daryl,Kirmond,dkirmondj3@wikimedia.org,Male,85.67.8.140,$161.06
689,Gavan,Gaven,ggavenj4@topsy.com,Male,136.173.54.22,$842.48
690,Ricard,Fazan,rfazanj5@wikipedia.org,Male,74.251.108.183,$182.10
691,Katinka,Gullivan,kgullivanj6@salon.com,Female,160.20.1.32,$748.25
692,Briant,Brundell,bbrundellj7@linkedin.com,Male,242.158.231.62,$741.83
693,Donn,Vallack,dvallackj8@unc.edu,Agender,142.77.239.206,$652.34
694,Haleigh,Mechem,hmechemj9@nhs.uk,Male,100.119.220.87,$737.33
695,Fidel,Niessen,fniessenja@tiny.cc,Male,169.43.127.15,$267.20
696,Ethel,Baccas,ebaccasjb@smugmug.com,Female,59.189.100.12,$654.01
697,Nolly,Targett,ntargettjc@istockphoto.com,Male,141.97.183.83,$257.72
698,Mill,Woodhead,mwoodheadjd@sohu.com,Male,132.106.39.41,$598.28
699,Weylin,O'Caherny,wocahernyje@netscape.com,Male,48.140.49.100,$78.29
700,Desi,Pencost,dpencostjf@reddit.com,Bigender,231.213.8.198,$591.82
701,Brucie,Giorgietto,bgiorgiettojg@is.gd,Male,120.170.45.11,$564.57
702,Lisbeth,Curneen,lcurneenjh@phoca.cz,Female,62.216.167.197,$368.68
703,Ianthe,Beebe,ibeebeji@miibeian.gov.cn,Female,8.200.163.195,$511.08
704,Rudd,Parke,rparkejj@alibaba.com,Male,253.55.29.53,$46.40
705,Patten,Bellee,pbelleejk@goodreads.com,Male,33.211.225.118,$417.20
706,Roxana,Black,rblackjl@slashdot.org,Female,142.128.245.53,$220.70
707,Ambrosio,Almey,aalmeyjm@lulu.com,Male,34.111.156.213,$44.60
708,Carrissa,Lawful,clawfuljn@phoca.cz,Female,181.142.82.87,$100.39
709,Elisha,Verdie,everdiejo@friendfeed.com,Male,178.101.228.155,$383.21
710,Danice,Sreenan,dsreenanjp@gnu.org,Female,211.140.20.133,$609.39
711,Vernen,Demogeot,vdemogeotjq@wired.com,Male,32.251.19.119,$925.01
712,Heinrik,Tregust,htregustjr@nps.gov,Male,76.164.203.135,$463.51
713,Ida,Nisen,inisenjs@barnesandnoble.com,Female,17.34.54.197,$636.54
714,Aylmer,Denge,adengejt@discovery.com,Polygender,208.118.143.7,$489.76
715,Lauren,Valder,lvalderju@oakley.com,Male,33.253.95.22,$124.31
716,Orsola,Attree,oattreejv@diigo.com,Female,52.243.102.178,$516.59
717,Wendye,Nation,wnationjw@mit.edu,Female,35.175.220.147,$421.81
718,Shaun,Cuckoo,scuckoojx@bluehost.com,Male,171.159.98.180,$471.21
719,Rex,Suddock,rsuddockjy@va.gov,Male,3.188.62.149,$330.49
720,Rafaello,Sobtka,rsobtkajz@illinois.edu,Male,235.16.145.242,$673.00
721,Bette,Smithe,bsmithek0@howstuffworks.com,Female,10.226.205.7,$453.03
722,Lanny,Orcott,lorcottk1@tmall.com,Male,176.107.175.187,$918.24
723,Nonah,Clearie,ncleariek2@ted.com,Genderqueer,146.237.59.177,$118.08
724,Eddie,Rembrant,erembrantk3@va.gov,Agender,237.12.182.83,$931.43
725,Orland,Dowderswell,odowderswellk4@newyorker.com,Male,90.31.248.99,$231.30
726,Domingo,Mugford,dmugfordk5@google.fr,Male,40.97.159.23,$831.93
727,Ardyth,Mc Gaughey,amcgaugheyk6@xrea.com,Female,235.35.237.13,$941.45
728,Janeva,Armin,jarmink7@washingtonpost.com,Female,197.5.25.85,$772.88
729,Hendrika,Lucchi,hlucchik8@studiopress.com,Female,102.219.183.185,$177.15
730,Olivette,Gricewood,ogricewoodk9@shareasale.com,Female,243.235.189.40,$26.40
731,Essie,Pandey,epandeyka@cyberchimps.com,Female,89.123.68.229,$15.88
732,Cody,Hallitt,challittkb@plala.or.jp,Female,219.180.7.232,$629.30
733,Gorden,Fairnington,gfairningtonkc@infoseek.co.jp,Male,122.233.160.195,$546.06
734,Corinna,Lantuff,clantuffkd@constantcontact.com,Female,124.150.178.84,$352.88
735,Atalanta,Raubenheim,araubenheimke@blinklist.com,Female,238.138.138.234,$1.59
736,Breena,Baxandall,bbaxandallkf@fema.gov,Female,153.152.182.194,$814.26
737,Deedee,Bernetti,dbernettikg@youtube.com,Female,59.75.145.77,$857.86
738,Cyril,Harlett,charlettkh@mapquest.com,Male,116.121.151.236,$84.87
739,Edyth,Revill,erevillki@disqus.com,Female,225.66.164.108,$925.47
740,Obidiah,Elwin,oelwinkj@buzzfeed.com,Male,204.53.218.175,$551.03
741,Aurelea,Justun,ajustunkk@oakley.com,Female,112.18.202.241,$724.85
742,Teirtza,Piddle,tpiddlekl@imgur.com,Female,4.147.87.40,$555.24
743,Andre,Belfelt,abelfeltkm@jiathis.com,Male,96.2.251.13,$496.60
744,Freddy,Gradly,fgradlykn@mediafire.com,Male,0.116.76.234,$708.17
745,Dniren,Destouche,ddestoucheko@phoca.cz,Female,254.164.153.98,$227.29
746,Florida,Rapa,frapakp@timesonline.co.uk,Female,155.155.46.87,$948.19
747,Eliot,Donald,edonaldkq@hibu.com,Male,29.222.225.193,$558.24
748,Andie,Clarage,aclaragekr@geocities.jp,Male,77.173.93.110,$281.55
749,Alexia,Coulbeck,acoulbeckks@gizmodo.com,Female,45.20.51.56,$667.50
750,Euphemia,Lammerding,elammerdingkt@constantcontact.com,Female,77.143.73.56,$70.70
751,Delcina,Stopper,dstopperku@theglobeandmail.com,Female,190.137.255.97,$880.13
752,Jerrome,Widdicombe,jwiddicombekv@csmonitor.com,Male,158.49.227.24,$641.90
753,Karlens,Kenninghan,kkenninghankw@amazonaws.com,Male,64.233.89.70,$13.88
754,Krystle,MacNeill,kmacneillkx@umn.edu,Female,125.55.229.113,$336.01
755,Lennard,Savory,lsavoryky@army.mil,Male,215.153.160.154,$705.09
756,Violet,Balfour,vbalfourkz@sina.com.cn,Non-binary,199.176.134.130,$305.60
757,Geraldine,Fidelus,gfidelusl0@gizmodo.com,Female,25.176.3.159,$918.87
758,Shina,Caine,scainel1@seesaa.net,Female,36.141.233.209,$587.32
759,Cherilynn,Slamaker,cslamakerl2@nature.com,Female,60.102.234.204,$704.57
760,Randie,Bloodworthe,rbloodworthel3@gmpg.org,Genderqueer,236.246.251.95,$743.56
761,Normy,Kestian,nkestianl4@altervista.org,Male,116.126.172.175,$963.04
762,Lonnie,Wylder,lwylderl5@usgs.gov,Male,200.32.235.4,$460.02
763,Alfred,Freeborn,afreebornl6@e-recht24.de,Male,82.146.133.18,$890.83
764,Caritta,Rosenberger,crosenbergerl7@wix.com,Female,251.186.194.95,$867.24
765,Martina,Raistrick,mraistrickl8@istockphoto.com,Female,247.122.228.46,$378.50
766,Shannon,MacCallam,smaccallaml9@flickr.com,Genderqueer,141.110.35.40,$953.67
767,Jackie,Burndred,jburndredla@multiply.com,Male,64.56.159.9,$83.54
768,Donovan,Sterke,dsterkelb@soup.io,Bigender,168.162.36.100,$879.06
769,Jason,Richen,jrichenlc@cnet.com,Male,189.220.231.35,$985.96
770,Gretna,Ashdown,gashdownld@geocities.com,Female,13.20.97.107,$849.08
771,Allin,Hurdedge,ahurdedgele@house.gov,Male,247.170.219.153,$876.66
772,Marleah,Bromley,mbromleylf@cornell.edu,Female,123.197.31.196,$996.93
773,Nonnah,Sterricks,nsterrickslg@trellian.com,Female,35.65.238.73,$772.82
774,Kelley,Stopford,kstopfordlh@sun.com,Female,38.3.239.214,$369.41
775,Parnell,Dulwitch,pdulwitchli@wufoo.com,Male,56.251.172.252,$315.29
776,Trumaine,Redmell,tredmelllj@fc2.com,Male,153.52.224.13,$240.33
777,Babbette,Scadding,bscaddinglk@dedecms.com,Female,59.223.61.154,$992.29
778,Bessie,Dominguez,bdominguezll@goodreads.com,Female,73.42.149.119,$788.68
779,Patsy,Ganiford,pganifordlm@multiply.com,Male,253.166.143.125,$436.51
780,Waldon,Chavey,wchaveyln@fema.gov,Male,4.111.151.10,$143.89
781,Davy,De Vaan,ddevaanlo@opera.com,Male,101.51.58.180,$884.44
782,Josiah,Cudbird,jcudbirdlp@pbs.org,Male,161.114.29.231,$584.29
783,Sula,Peaker,speakerlq@wisc.edu,Female,186.233.34.92,$714.27
784,Andriette,Patullo,apatullolr@istockphoto.com,Female,37.97.251.75,$788.42
785,Hildagarde,Jacobovitz,hjacobovitzls@csmonitor.com,Female,222.249.68.233,$342.40
786,Paolina,Dienes,pdieneslt@skyrock.com,Female,188.151.221.209,$323.36
787,Dud,Dachs,ddachslu@npr.org,Male,7.224.186.73,$675.52
788,Carma,Gervaise,cgervaiselv@chronoengine.com,Female,244.144.173.140,$390.02
789,Sabine,Wittering,switteringlw@admin.ch,Female,105.66.191.129,$832.20
790,Elsinore,Lannen,elannenlx@shinystat.com,Female,32.103.66.155,$667.62
791,Kiersten,Tesdale,ktesdalely@infoseek.co.jp,Female,252.47.85.116,$249.95
792,Krista,Yatman,kyatmanlz@jiathis.com,Female,241.134.5.147,$978.22
793,Reeta,Slorance,rslorancem0@slashdot.org,Female,165.51.42.77,$946.59
794,Dawna,McBrier,dmcbrierm1@delicious.com,Female,205.40.153.233,$269.35
795,Ches,Lacase,clacasem2@illinois.edu,Male,78.111.249.214,$931.14
796,Stacey,MacAne,smacanem3@cafepress.com,Genderqueer,33.43.189.165,$406.45
797,Shantee,Frye,sfryem4@privacy.gov.au,Female,220.240.113.243,$753.05
798,Zandra,Maudson,zmaudsonm5@infoseek.co.jp,Female,128.67.105.163,$405.43
799,Gard,Hogbourne,ghogbournem6@dagondesign.com,Male,3.69.145.130,$874.05
800,Meryl,Pawelec,mpawelecm7@cbsnews.com,Male,198.211.35.4,$225.28
801,Heather,Gricks,hgricksm8@icq.com,Female,174.39.255.108,$562.98
802,Marilee,Horbath,mhorbathm9@ox.ac.uk,Polygender,183.220.174.137,$730.69
803,Dyan,Chellam,dchellamma@reddit.com,Female,231.162.153.143,$264.84
804,Kiel,McKennan,kmckennanmb@un.org,Male,173.203.73.213,$199.43
805,Giustina,Poppleton,gpoppletonmc@aol.com,Female,86.199.131.14,$120.03
806,Lyndy,Itzhaiek,litzhaiekmd@blinklist.com,Female,42.113.39.67,$407.83
807,Cleveland,Gabbat,cgabbatme@bloglines.com,Male,141.36.137.16,$53.26
808,Lev,Castellaccio,lcastellacciomf@newsvine.com,Male,12.128.38.125,$836.26
809,Hamlin,Giddins,hgiddinsmg@mac.com,Male,207.205.6.126,$148.95
810,Louisa,Filochov,lfilochovmh@instagram.com,Female,184.71.131.174,$345.52
811,Dotti,Ertel,dertelmi@joomla.org,Female,29.248.80.213,$478.35
812,Spencer,McGaffey,smcgaffeymj@google.com.hk,Male,42.26.85.211,$376.72
813,Jennee,De Zuani,jdezuanimk@noaa.gov,Female,16.109.81.115,$900.11
814,Mable,Fandrey,mfandreyml@utexas.edu,Female,76.190.169.129,$990.57
815,Whitney,Laetham,wlaethammm@pbs.org,Male,40.119.213.105,$674.66
816,Brina,Fenner,bfennermn@etsy.com,Female,244.50.68.94,$240.70
817,Nita,Mowling,nmowlingmo@webs.com,Female,207.5.11.93,$12.31
818,Perri,Reinert,preinertmp@salon.com,Female,183.40.127.94,$299.47
819,Romain,Storre,rstorremq@usnews.com,Male,204.60.240.100,$998.66
820,Wolfie,Feighry,wfeighrymr@tamu.edu,Male,169.29.77.169,$876.93
821,Ethelbert,Sawforde,esawfordems@wikispaces.com,Male,235.182.118.14,$155.59
822,Fonz,Georgeson,fgeorgesonmt@t-online.de,Male,29.50.247.114,$237.09
823,Sal,Coy,scoymu@ucsd.edu,Male,172.253.154.112,$447.28
824,Amble,Vispo,avispomv@dion.ne.jp,Male,219.175.143.4,$455.78
825,Billye,Mayall,bmayallmw@exblog.jp,Female,123.242.86.252,$69.92
826,Farlie,Luard,fluardmx@army.mil,Male,127.198.112.42,$383.65
827,Charleen,Bickers,cbickersmy@parallels.com,Female,53.74.227.230,$684.30
828,Rici,Hetterich,rhetterichmz@chronoengine.com,Female,210.239.78.206,$201.92
829,Belinda,Patridge,bpatridgen0@mlb.com,Female,25.104.21.139,$249.96
830,Cullen,Cordero,ccorderon1@mapquest.com,Male,230.162.193.150,$371.87
831,Terrel,Bremmell,tbremmelln2@jugem.jp,Male,28.96.212.162,$232.83
832,Guillemette,Taggett,gtaggettn3@usatoday.com,Female,195.116.43.157,$874.13
833,Nikki,Duddan,nduddann4@yellowbook.com,Female,176.239.207.134,$871.81
834,Hewet,Sloan,hsloann5@dedecms.com,Male,99.90.224.133,$88.79
835,Vasilis,Kleewein,vkleeweinn6@livejournal.com,Male,172.30.229.248,$842.25
836,Dorena,Colegate,dcolegaten7@behance.net,Female,114.35.230.10,$166.37
837,Mozes,Pottberry,mpottberryn8@ftc.gov,Male,237.119.28.147,$238.82
838,Sara-ann,Spurdens,sspurdensn9@ucsd.edu,Female,115.35.129.137,$423.30
839,Ferdinanda,Chattelaine,fchattelainena@google.co.jp,Female,44.11.196.248,$218.39
840,Gerty,Harewood,gharewoodnb@cyberchimps.com,Agender,215.81.217.1,$235.62
841,Ailina,Gilley,agilleync@nifty.com,Female,98.103.207.33,$702.59
842,Aubry,Limer,alimernd@dedecms.com,Genderfluid,167.156.202.5,$367.43
843,Dacia,Aizik,daizikne@acquirethisname.com,Female,120.6.131.155,$122.74
844,Derril,Rydzynski,drydzynskinf@printfriendly.com,Male,27.156.194.185,$932.27
845,Terrye,Slimm,tslimmng@admin.ch,Female,77.83.139.112,$89.56
846,Bear,Poter,bpoternh@shutterfly.com,Male,5.226.42.143,$80.06
847,Euphemia,Dilliston,edillistonni@washingtonpost.com,Female,137.98.46.176,$820.64
848,Maurene,Karolyi,mkarolyinj@techcrunch.com,Female,138.122.245.255,$988.82
849,Drugi,Gonet,dgonetnk@google.com,Non-binary,149.66.111.136,$351.94
850,Celestyna,Cunnell,ccunnellnl@google.com,Female,214.97.235.74,$344.21
851,Emmery,Bilby,ebilbynm@irs.gov,Male,56.141.50.34,$52.99
852,Godfree,Matzaitis,gmatzaitisnn@sakura.ne.jp,Male,232.225.127.189,$160.47
853,Cecelia,Terrill,cterrillno@trellian.com,Female,60.153.168.106,$320.68
854,Steward,Rany,sranynp@jiathis.com,Male,59.48.167.78,$127.33
855,Freda,Birmingham,fbirminghamnq@blog.com,Female,160.177.149.93,$732.42
856,Skelly,Alltimes,salltimesnr@time.com,Male,31.225.95.102,$536.83
857,Cherlyn,Merington,cmeringtonns@icq.com,Female,230.52.91.143,$865.07
858,Christy,Lake,clakent@shop-pro.jp,Female,84.205.10.82,$946.26
859,Valera,MacPake,vmacpakenu@ucoz.com,Female,10.243.127.171,$923.82
860,Adey,Tiltman,atiltmannv@wiley.com,Female,40.228.9.39,$272.98
861,Vikki,Joannidi,vjoannidinw@arizona.edu,Female,29.141.47.78,$52.96
862,Janela,Taggert,jtaggertnx@blinklist.com,Female,41.221.229.253,$284.84
863,Randal,Millican,rmillicanny@fotki.com,Polygender,145.105.235.87,$572.83
864,Tobe,Hill,thillnz@wp.com,Male,21.240.2.225,$400.44
865,Elia,Powlesland,epowleslando0@studiopress.com,Male,248.213.138.88,$244.85
866,Tybi,Steel,tsteelo1@vk.com,Female,150.197.112.127,$219.16
867,Blake,Belasco,bbelascoo2@etsy.com,Non-binary,30.24.229.194,$702.20
868,Susy,Benedek,sbenedeko3@earthlink.net,Female,14.29.5.41,$678.15
869,Tiphany,Saby,tsabyo4@pcworld.com,Female,73.215.75.140,$309.82
870,Maddi,Levi,mlevio5@e-recht24.de,Female,122.112.191.237,$118.32
871,Derwin,Crinion,dcriniono6@liveinternet.ru,Male,210.24.172.42,$826.19
872,Aymer,Gregori,agregorio7@ucoz.com,Male,192.145.59.192,$642.12
873,Millicent,Sinclair,msinclairo8@youtube.com,Female,136.143.27.45,$578.00
874,Mamie,Fender,mfendero9@irs.gov,Female,2.41.197.34,$674.99
875,Malorie,Soppitt,msoppittoa@baidu.com,Female,59.194.128.193,$682.09
876,Elsi,Kelinge,ekelingeob@biblegateway.com,Female,198.254.116.210,$920.77
877,Gilemette,Dowbekin,gdowbekinoc@wiley.com,Female,208.27.252.132,$310.99
878,Sybyl,Winley,swinleyod@globo.com,Female,163.109.176.175,$738.99
879,Stephine,Antram,santramoe@pcworld.com,Female,237.71.83.152,$564.82
880,Gwenette,Absolon,gabsolonof@google.com.hk,Female,53.107.22.151,$127.43
881,Brit,Mulvy,bmulvyog@squidoo.com,Female,108.98.217.82,$657.73
882,Elton,Boate,eboateoh@hud.gov,Non-binary,248.226.21.188,$88.74
883,Dwayne,Sargeant,dsargeantoi@woothemes.com,Male,153.0.180.103,$867.76
884,Estevan,Cotterel,ecottereloj@barnesandnoble.com,Male,162.154.214.16,$969.50
885,Bartlett,Southard,bsouthardok@jugem.jp,Male,0.123.23.160,$699.89
886,Towny,MacMenemy,tmacmenemyol@mapy.cz,Male,3.138.114.163,$390.88
887,Warren,Bisseker,wbissekerom@360.cn,Genderqueer,255.59.97.251,$180.93
888,Aguie,Cornuau,acornuauon@hibu.com,Male,192.15.17.5,$862.45
889,Danyelle,Laughrey,dlaughreyoo@earthlink.net,Female,32.43.174.219,$326.06
890,Franny,Laskey,flaskeyop@trellian.com,Female,59.35.109.224,$500.69
891,Hubert,Creek,hcreekoq@google.it,Male,89.164.154.99,$634.63
892,Datha,Mimmack,dmimmackor@seattletimes.com,Female,37.226.238.169,$287.85
893,Garreth,Shields,gshieldsos@tinypic.com,Male,61.131.33.93,$16.21
894,Shanan,Schwartz,sschwartzot@adobe.com,Male,251.170.223.140,$519.84
895,Erek,Gruszka,egruszkaou@typepad.com,Male,158.118.229.170,$148.97
896,Freemon,Hultberg,fhultbergov@mtv.com,Male,26.236.82.237,$354.10
897,Joeann,Kinney,jkinneyow@ibm.com,Polygender,150.90.31.243,$416.73
898,Laryssa,Chadd,lchaddox@xrea.com,Female,178.151.148.125,$463.63
899,Randolph,Raymont,rraymontoy@guardian.co.uk,Male,106.45.133.100,$13.65
900,Bay,Newhouse,bnewhouseoz@4shared.com,Male,94.226.156.32,$69.19
901,Andreana,Fitzer,afitzerp0@techcrunch.com,Female,26.166.43.215,$642.96
902,Elwood,Grinnell,egrinnellp1@epa.gov,Male,73.243.185.233,$420.37
903,Leodora,Tregonna,ltregonnap2@go.com,Female,28.127.119.43,$374.79
904,Ellette,Beddie,ebeddiep3@cpanel.net,Bigender,3.156.134.37,$296.93
905,Raf,Rysdale,rrysdalep4@uiuc.edu,Female,96.201.218.15,$690.77
906,Niels,Barbier,nbarbierp5@barnesandnoble.com,Male,3.207.200.135,$178.10
907,Leeann,Readings,lreadingsp6@a8.net,Female,129.63.108.111,$615.06
908,Myrle,Kaser,mkaserp7@biblegateway.com,Female,168.177.183.195,$850.30
909,Burk,Hynes,bhynesp8@statcounter.com,Male,205.152.153.246,$654.00
910,Moss,Packe,mpackep9@ow.ly,Male,75.159.92.19,$426.65
911,Jenn,Pau,jpaupa@wunderground.com,Female,35.138.248.70,$984.33
912,Charlie,Melan,cmelanpb@state.tx.us,Bigender,77.216.82.224,$119.10
913,Kellby,Sweeting,ksweetingpc@hc360.com,Male,53.205.153.40,$227.23
914,Nina,Kewley,nkewleypd@eventbrite.com,Female,161.40.46.47,$173.48
915,Berky,Gradwell,bgradwellpe@blog.com,Male,149.86.165.199,$842.71
916,Olivette,Spellar,ospellarpf@taobao.com,Polygender,208.211.46.186,$718.20
917,Fletch,Gaylor,fgaylorpg@acquirethisname.com,Male,190.225.28.37,$769.83
918,Nanny,Colhoun,ncolhounph@surveymonkey.com,Female,151.142.12.204,$549.58
919,Jacinthe,Cooch,jcoochpi@admin.ch,Bigender,56.241.186.200,$332.61
920,Pandora,Syder,psyderpj@harvard.edu,Female,33.116.144.130,$34.79
921,Mab,Syphus,msyphuspk@wordpress.org,Female,99.129.133.183,$421.60
922,Herculie,Adess,hadesspl@cloudflare.com,Male,227.147.67.97,$894.85
923,Charyl,Vanyashin,cvanyashinpm@about.com,Female,70.0.236.111,$423.69
924,Cathrine,Really,creallypn@xrea.com,Female,38.248.168.176,$875.01
925,Erminia,Filippone,efilipponepo@rediff.com,Female,0.146.138.127,$253.24
926,Cristy,Mergue,cmerguepp@sakura.ne.jp,Female,108.85.156.32,$45.31
927,Carlin,Walne,cwalnepq@prlog.org,Male,104.146.109.220,$715.56
928,Valdemar,Knewstubb,vknewstubbpr@pinterest.com,Male,77.58.96.109,$90.82
929,Jyoti,Alexandre,jalexandreps@ihg.com,Female,82.28.70.242,$832.77
930,Bobette,Mapes,bmapespt@accuweather.com,Bigender,46.188.36.182,$746.56
931,Davide,Brookbank,dbrookbankpu@virginia.edu,Male,174.202.232.18,$154.14
932,Barnard,Hawarden,bhawardenpv@techcrunch.com,Male,95.53.62.159,$596.79
933,Lenee,McCoid,lmccoidpw@amazon.de,Female,115.39.65.86,$378.71
934,Harper,Arnley,harnleypx@weather.com,Male,121.238.108.51,$257.49
935,Cairistiona,Steed,csteedpy@wisc.edu,Female,204.226.139.170,$297.48
936,Markus,Thrussell,mthrussellpz@desdev.cn,Male,177.60.166.210,$574.83
937,Doe,Breslane,dbreslaneq0@blog.com,Female,110.56.231.77,$661.60
938,Vern,Hitter,vhitterq1@theatlantic.com,Male,33.255.254.137,$571.17
939,Chen,Mytton,cmyttonq2@wikispaces.com,Male,38.58.131.202,$517.88
940,Sunny,Joysey,sjoyseyq3@twitter.com,Female,179.4.124.225,$729.16
941,Julita,Vasnev,jvasnevq4@blogtalkradio.com,Female,173.199.216.114,$470.11
942,Orazio,Elliman,oellimanq5@smh.com.au,Male,255.73.227.97,$198.25
943,Chrissy,Roycraft,croycraftq6@friendfeed.com,Genderfluid,119.171.3.100,$968.87
944,Barnie,Grima,bgrimaq7@jiathis.com,Male,182.255.153.195,$720.25
945,Corny,Hay,chayq8@nationalgeographic.com,Female,219.111.225.246,$102.34
946,Dore,Thurgood,dthurgoodq9@lycos.com,Male,95.133.240.241,$611.40
947,Jolie,Haskur,jhaskurqa@cloudflare.com,Female,70.184.177.189,$747.31
948,Davy,Sigfrid,dsigfridqb@diigo.com,Male,239.154.187.35,$889.60
949,Wes,Hillaby,whillabyqc@plala.or.jp,Male,49.97.239.37,$777.47
950,Marsha,Alberts,malbertsqd@mayoclinic.com,Female,38.222.57.233,$614.96
951,Bethanne,Priest,bpriestqe@newyorker.com,Female,215.103.245.238,$156.62
952,Elisha,MattiCCI,ematticciqf@paginegialle.it,Male,240.177.114.164,$273.43
953,Dorie,Dundendale,ddundendaleqg@mashable.com,Bigender,115.99.230.58,$184.56
954,Arlen,Donoghue,adonoghueqh@oakley.com,Male,103.54.191.105,$507.42
955,Quentin,Rymmer,qrymmerqi@w3.org,Polygender,193.166.93.148,$232.00
956,Rand,Yglesia,ryglesiaqj@booking.com,Male,174.25.202.199,$715.20
957,Nataniel,Botha,nbothaqk@constantcontact.com,Male,109.96.212.179,$30.00
958,Harvey,Gyngyll,hgyngyllql@icio.us,Male,103.208.183.51,$820.58
959,Kean,McEllen,kmcellenqm@angelfire.com,Male,205.123.21.216,$994.69
960,Ferrel,Cornils,fcornilsqn@jugem.jp,Male,175.188.155.102,$837.34
961,Martino,Rouke,mroukeqo@youku.com,Male,159.245.5.123,$514.51
962,Joshia,Lippiello,jlippielloqp@123-reg.co.uk,Male,184.201.87.174,$493.14
963,Aldric,Croote,acrooteqq@wikia.com,Male,241.205.139.250,$711.35
964,Eolande,Dorrins,edorrinsqr@amazon.com,Female,84.253.4.151,$208.64
965,West,Gudeman,wgudemanqs@hao123.com,Male,82.236.196.170,$215.85
966,Maighdiln,Pechan,mpechanqt@etsy.com,Female,208.208.218.144,$138.11
967,Cory,Adrianello,cadrianelloqu@mashable.com,Male,163.220.234.83,$293.10
968,Alla,Kyndred,akyndredqv@altervista.org,Female,58.229.229.78,$622.86
969,Paul,Danielot,pdanielotqw@sphinn.com,Male,13.146.58.210,$0.35
970,Artemas,Talby,atalbyqx@photobucket.com,Male,221.157.177.234,$982.42
971,Philbert,Conechie,pconechieqy@desdev.cn,Male,188.82.221.208,$634.24
972,Berkeley,Coldbath,bcoldbathqz@ehow.com,Agender,128.103.183.211,$155.30
973,Carrol,Hairesnape,chairesnaper0@weather.com,Male,236.150.169.21,$310.18
974,Gaile,Ashwood,gashwoodr1@hao123.com,Male,244.224.127.55,$894.88
975,Judie,Burstow,jburstowr2@squidoo.com,Genderqueer,66.54.165.78,$221.13
976,Pauly,Scrimshaw,pscrimshawr3@alibaba.com,Male,183.142.108.235,$709.80
977,Robinett,Gaw,rgawr4@tinypic.com,Female,233.231.184.164,$23.98
978,Clemmie,Rowbotham,crowbothamr5@google.com,Female,237.233.101.103,$626.53
979,Mead,Twigg,mtwiggr6@pcworld.com,Female,120.6.177.35,$369.01
980,Dyna,Keymar,dkeymarr7@fema.gov,Female,239.22.8.229,$326.43
981,Lise,Revening,lreveningr8@nyu.edu,Female,102.19.220.147,$531.34
982,Jerri,Berrigan,jberriganr9@answers.com,Male,31.236.220.159,$376.94
983,Robbie,Gregan,rgreganra@unesco.org,Female,234.171.243.79,$134.64
984,Horton,Elfitt,helfittrb@storify.com,Male,21.165.232.155,$814.11
985,Jacqueline,Mitton,jmittonrc@wunderground.com,Female,105.155.48.176,$198.54
986,Roberto,Slayny,rslaynyrd@guardian.co.uk,Male,0.11.1.207,$444.79
987,Nesta,Gripton,ngriptonre@google.com.au,Female,55.245.184.10,$302.79
988,Pippo,Goodship,pgoodshiprf@chronoengine.com,Male,68.27.124.122,$213.03
989,Nedi,Kibbel,nkibbelrg@eepurl.com,Female,27.184.164.116,$237.43
990,Brander,Lampert,blampertrh@cornell.edu,Male,245.248.108.45,$828.60
991,Anna-diana,Gatheral,agatheralri@pcworld.com,Female,182.32.68.93,$20.09
992,Yasmeen,Van der Velde,yvandervelderj@tumblr.com,Female,69.180.163.183,$601.54
993,Brina,Cejka,bcejkark@drupal.org,Female,99.80.93.230,$800.58
994,Richie,Oakeby,roakebyrl@tmall.com,Polygender,162.82.120.8,$708.04
995,Libbie,Lindwall,llindwallrm@bandcamp.com,Female,42.191.11.197,$552.61
996,Martie,Jozefowicz,mjozefowiczrn@miitbeian.gov.cn,Female,25.120.239.141,$288.85
997,Grier,Gwinnell,ggwinnellro@reddit.com,Female,95.13.248.73,$172.94
998,Marco,Haglington,mhaglingtonrp@studiopress.com,Male,145.249.242.94,$212.73
999,Charline,Brando,cbrandorq@oracle.com,Female,154.214.66.88,$870.30
1000,Jedd,Sigars,jsigarsrr@va.gov,Male,211.177.9.164,$285.11
